"Header Size"           ,15              
"Model Name"            ,"DL850EV       "
"Comment"               ,"                         "
"BlockNumber"           ,1               
"TraceName"             ,"CH1           "
"BlockSize"             ,6006            
"VUnit"                 ,"A             "
"SampleRate"            ,10.000000       
"HResolution"           ,1.000000e-01    
"HOffset"               ,0.000000e+00    
"HUnit"                 ,"s             "
"DisplayPointNo."       ,1               
"PhaseShift"            ,1               
"Date"                  ,"2022/05/07    "
"Time"                  ,"14:22:41.55125431"

,-5.0000E-10,
,-5.0000E-10,
,-5.0000E-10,
,-5.0000E-10,
,-5.8333E-10,
,-5.0000E-10,
,-5.0000E-10,
,-5.0000E-10,
,-5.8333E-10,
,-5.8333E-10,
,-5.0000E-10,
,-5.8333E-10,
,-5.0000E-10,
,-5.0000E-10,
,-5.0000E-10,
,-5.0000E-10,
,-5.0000E-10,
,-5.0000E-10,
,-5.8333E-10,
,-5.0000E-10,
,-5.8333E-10,
,-4.1667E-10,
,-5.0000E-10,
,-5.0000E-10,
,-5.0000E-10,
,-5.8333E-10,
,-5.8333E-10,
,-5.8333E-10,
,-5.0000E-10,
,-5.0000E-10,
,-5.0000E-10,
,-5.8333E-10,
,-5.8333E-10,
,-5.8333E-10,
,-5.8333E-10,
,-5.8333E-10,
,-5.0000E-10,
,-5.0000E-10,
,-4.1667E-10,
,-4.1667E-10,
,-4.1667E-10,
,-4.1667E-10,
,-5.0000E-10,
,-5.0000E-10,
,-5.0000E-10,
,-5.0000E-10,
,-5.0000E-10,
,-5.0000E-10,
,-5.0000E-10,
,-5.8333E-10,
,-5.0000E-10,
,-5.0000E-10,
,-5.0000E-10,
,-5.0000E-10,
,-5.0000E-10,
,-5.0000E-10,
,-5.0000E-10,
,-4.1667E-10,
,-5.0000E-10,
, 1.4215E-06,
, 2.7305E-06,
, 2.7306E-06,
, 2.3836E-06,
, 1.4351E-06,
, 1.0662E-06,
, 9.6950E-07,
, 9.6658E-07,
, 9.9900E-07,
, 1.0581E-06,
, 1.1322E-06,
, 1.2002E-06,
, 1.2575E-06,
, 1.3103E-06,
, 1.3638E-06,
, 1.4259E-06,
, 1.4874E-06,
, 1.5258E-06,
, 1.5022E-06,
, 1.4764E-06,
, 1.4112E-06,
, 1.3237E-06,
, 1.2673E-06,
, 1.2325E-06,
, 1.2225E-06,
, 1.2310E-06,
, 1.2498E-06,
, 1.2902E-06,
, 1.3273E-06,
, 1.3769E-06,
, 1.4097E-06,
, 1.4290E-06,
, 1.4379E-06,
, 1.4422E-06,
, 1.4415E-06,
, 1.4388E-06,
, 1.4348E-06,
, 1.4284E-06,
, 1.4291E-06,
, 1.4215E-06,
, 1.4437E-06,
, 1.4312E-06,
, 1.4097E-06,
, 1.3972E-06,
, 1.3931E-06,
, 1.3917E-06,
, 1.3893E-06,
, 1.3845E-06,
, 1.3772E-06,
, 1.3713E-06,
, 1.3678E-06,
, 1.3688E-06,
, 1.3700E-06,
, 1.3695E-06,
, 1.3722E-06,
, 1.3722E-06,
, 1.3739E-06,
, 1.3704E-06,
, 1.3749E-06,
, 1.3712E-06,
, 1.3639E-06,
, 1.3566E-06,
, 1.3487E-06,
, 1.3434E-06,
, 1.3335E-06,
, 1.3274E-06,
, 1.3201E-06,
, 1.3140E-06,
, 1.3127E-06,
, 1.3095E-06,
, 1.3058E-06,
, 1.2992E-06,
, 1.2924E-06,
, 1.2846E-06,
, 1.2797E-06,
, 1.2719E-06,
, 1.2697E-06,
, 1.2662E-06,
, 1.2603E-06,
, 1.2544E-06,
, 1.2469E-06,
, 1.2420E-06,
, 1.2378E-06,
, 1.2386E-06,
, 1.2330E-06,
, 1.2275E-06,
, 1.2270E-06,
, 1.2228E-06,
, 1.2215E-06,
, 1.2284E-06,
, 1.2306E-06,
, 1.2151E-06,
, 1.2031E-06,
, 1.1910E-06,
, 1.1838E-06,
, 1.1778E-06,
, 1.1705E-06,
, 1.1642E-06,
, 1.1611E-06,
, 1.1606E-06,
, 1.1602E-06,
, 1.1555E-06,
, 1.1534E-06,
, 1.1483E-06,
, 1.1452E-06,
, 1.1417E-06,
, 1.1356E-06,
, 1.1401E-06,
, 1.1388E-06,
, 1.1332E-06,
, 1.1217E-06,
, 1.1157E-06,
, 1.1097E-06,
, 1.1060E-06,
, 1.1001E-06,
, 1.0964E-06,
, 1.0933E-06,
, 1.0909E-06,
, 1.0892E-06,
, 1.0894E-06,
, 1.0877E-06,
, 1.0827E-06,
, 1.0801E-06,
, 1.0755E-06,
, 1.0676E-06,
, 1.0595E-06,
, 1.0543E-06,
, 1.0498E-06,
, 1.0481E-06,
, 1.0472E-06,
, 1.0422E-06,
, 1.0363E-06,
, 1.0336E-06,
, 1.0330E-06,
, 1.0312E-06,
, 1.0281E-06,
, 1.0282E-06,
, 1.0268E-06,
, 1.0237E-06,
, 1.0193E-06,
, 1.0183E-06,
, 1.0157E-06,
, 1.0135E-06,
, 1.0114E-06,
, 1.0188E-06,
, 1.0205E-06,
, 1.0172E-06,
, 1.0143E-06,
, 1.0122E-06,
, 1.0097E-06,
, 1.0086E-06,
, 1.0063E-06,
, 1.0037E-06,
, 1.0005E-06,
, 1.0009E-06,
, 1.0010E-06,
, 1.0007E-06,
, 9.9883E-07,
, 9.9725E-07,
, 9.9500E-07,
, 9.9292E-07,
, 9.9192E-07,
, 9.9283E-07,
, 9.9208E-07,
, 9.9183E-07,
, 9.8867E-07,
, 9.8575E-07,
, 9.8325E-07,
, 9.8483E-07,
, 9.8483E-07,
, 9.8308E-07,
, 9.8158E-07,
, 9.8067E-07,
, 9.7492E-07,
, 9.7067E-07,
, 9.6933E-07,
, 9.6858E-07,
, 9.6350E-07,
, 9.6067E-07,
, 9.5725E-07,
, 9.5608E-07,
, 9.5425E-07,
, 9.5350E-07,
, 9.5142E-07,
, 9.4975E-07,
, 9.4850E-07,
, 9.4617E-07,
, 9.4825E-07,
, 9.4900E-07,
, 9.5158E-07,
, 9.5150E-07,
, 9.5208E-07,
, 9.5233E-07,
, 9.5200E-07,
, 9.5483E-07,
, 9.5575E-07,
, 9.5783E-07,
, 9.6133E-07,
, 9.6008E-07,
, 9.5617E-07,
, 9.5742E-07,
, 9.5758E-07,
, 9.5775E-07,
, 9.5650E-07,
, 9.5458E-07,
, 9.5400E-07,
, 9.5025E-07,
, 9.4750E-07,
, 9.4875E-07,
, 9.4850E-07,
, 9.4608E-07,
, 9.4708E-07,
, 9.4592E-07,
, 9.4275E-07,
, 9.4442E-07,
, 9.4267E-07,
, 9.4108E-07,
, 9.4200E-07,
, 9.3733E-07,
, 9.3417E-07,
, 9.3017E-07,
, 9.2850E-07,
, 9.2733E-07,
, 9.2808E-07,
, 9.3042E-07,
, 9.3083E-07,
, 9.3467E-07,
, 9.3683E-07,
, 9.3808E-07,
, 9.3875E-07,
, 9.3833E-07,
, 9.3758E-07,
, 9.3708E-07,
, 9.3500E-07,
, 9.3492E-07,
, 9.3208E-07,
, 9.3042E-07,
, 9.2933E-07,
, 9.2733E-07,
, 9.2650E-07,
, 9.2250E-07,
, 9.1908E-07,
, 9.1775E-07,
, 9.1958E-07,
, 9.1833E-07,
, 9.1800E-07,
, 9.1858E-07,
, 9.1892E-07,
, 9.1883E-07,
, 9.1908E-07,
, 9.2042E-07,
, 9.2100E-07,
, 9.1817E-07,
, 9.1650E-07,
, 9.1667E-07,
, 9.1333E-07,
, 9.1258E-07,
, 9.1317E-07,
, 9.1108E-07,
, 9.0958E-07,
, 9.0967E-07,
, 9.1025E-07,
, 9.1033E-07,
, 9.0925E-07,
, 9.0883E-07,
, 9.0825E-07,
, 9.0633E-07,
, 9.0825E-07,
, 9.0883E-07,
, 9.1358E-07,
, 9.1375E-07,
, 9.2383E-07,
, 9.2792E-07,
, 9.2442E-07,
, 9.1700E-07,
, 9.1267E-07,
, 9.0592E-07,
, 9.0200E-07,
, 9.0100E-07,
, 9.0375E-07,
, 9.0242E-07,
, 9.0342E-07,
, 9.0083E-07,
, 8.9775E-07,
, 8.9783E-07,
, 8.9792E-07,
, 9.0992E-07,
, 9.1483E-07,
, 9.1758E-07,
, 9.1917E-07,
, 9.2033E-07,
, 9.2158E-07,
, 9.2117E-07,
, 9.2350E-07,
, 9.1958E-07,
, 9.2083E-07,
, 9.1900E-07,
, 9.2008E-07,
, 9.1933E-07,
, 9.1608E-07,
, 9.1442E-07,
, 9.1333E-07,
, 9.1217E-07,
, 9.1267E-07,
, 9.0875E-07,
, 9.0450E-07,
, 9.0117E-07,
, 9.0300E-07,
, 8.9842E-07,
, 8.9958E-07,
, 8.9975E-07,
, 9.0325E-07,
, 9.0733E-07,
, 9.0917E-07,
, 9.0825E-07,
, 9.0467E-07,
, 9.0392E-07,
, 8.9717E-07,
, 8.9417E-07,
, 8.9167E-07,
, 8.8708E-07,
, 8.8858E-07,
, 8.8750E-07,
, 8.8617E-07,
, 8.8467E-07,
, 8.8408E-07,
, 8.8425E-07,
, 8.7825E-07,
, 8.7325E-07,
, 8.7425E-07,
, 8.7258E-07,
, 8.6875E-07,
, 8.6867E-07,
, 8.7000E-07,
, 8.6800E-07,
, 8.7775E-07,
, 8.7908E-07,
, 8.7367E-07,
, 8.7400E-07,
, 8.7350E-07,
, 8.7225E-07,
, 8.7450E-07,
, 8.7567E-07,
, 8.7600E-07,
, 8.7983E-07,
, 8.8650E-07,
, 8.8700E-07,
, 8.8617E-07,
, 8.8583E-07,
, 8.8583E-07,
, 8.8533E-07,
, 8.8592E-07,
, 8.8567E-07,
, 8.8442E-07,
, 8.8475E-07,
, 8.8508E-07,
, 8.8883E-07,
, 8.9167E-07,
, 8.8992E-07,
, 8.8825E-07,
, 8.8617E-07,
, 8.8708E-07,
, 8.8392E-07,
, 8.8208E-07,
, 8.7917E-07,
, 8.7700E-07,
, 8.7617E-07,
, 8.7708E-07,
, 8.7767E-07,
, 8.7750E-07,
, 8.8025E-07,
, 8.8225E-07,
, 8.8233E-07,
, 8.8325E-07,
, 8.8300E-07,
, 8.7792E-07,
, 8.7608E-07,
, 8.7358E-07,
, 8.7383E-07,
, 8.7475E-07,
, 8.7558E-07,
, 8.7508E-07,
, 8.6792E-07,
, 8.8258E-07,
, 8.9425E-07,
, 8.9817E-07,
, 9.0225E-07,
, 9.0575E-07,
, 9.1042E-07,
, 9.1550E-07,
, 9.2175E-07,
, 9.2692E-07,
, 9.2067E-07,
, 9.2067E-07,
, 9.2633E-07,
, 9.2842E-07,
, 9.2783E-07,
, 9.3192E-07,
, 9.3083E-07,
, 9.3167E-07,
, 9.3125E-07,
, 9.3133E-07,
, 9.3308E-07,
, 9.3583E-07,
, 9.3658E-07,
, 9.3350E-07,
, 9.2967E-07,
, 9.2550E-07,
, 9.2425E-07,
, 9.1733E-07,
, 9.1692E-07,
, 9.1067E-07,
, 9.0025E-07,
, 8.9075E-07,
, 8.8800E-07,
, 8.9050E-07,
, 8.9008E-07,
, 8.9433E-07,
, 9.0408E-07,
, 9.2250E-07,
, 9.2392E-07,
, 9.1400E-07,
, 8.9783E-07,
, 8.8633E-07,
, 8.8583E-07,
, 8.8083E-07,
, 8.8100E-07,
, 8.8283E-07,
, 8.8125E-07,
, 8.8225E-07,
, 8.7792E-07,
, 8.7533E-07,
, 8.7600E-07,
, 8.8308E-07,
, 8.8100E-07,
, 8.6983E-07,
, 8.6008E-07,
, 8.5008E-07,
, 8.4225E-07,
, 8.3975E-07,
, 8.4250E-07,
, 8.3783E-07,
, 8.4042E-07,
, 8.4258E-07,
, 8.4167E-07,
, 8.3933E-07,
, 8.3892E-07,
, 8.3408E-07,
, 8.2383E-07,
, 8.1833E-07,
, 8.1350E-07,
, 8.1517E-07,
, 8.1617E-07,
, 8.1700E-07,
, 8.1867E-07,
, 8.1717E-07,
, 8.1567E-07,
, 8.1792E-07,
, 8.1867E-07,
, 8.1217E-07,
, 8.0983E-07,
, 8.1158E-07,
, 8.1167E-07,
, 8.1183E-07,
, 8.1200E-07,
, 7.9967E-07,
, 7.9942E-07,
, 8.0350E-07,
, 8.2442E-07,
, 8.2567E-07,
, 8.2025E-07,
, 8.1583E-07,
, 8.1675E-07,
, 8.1400E-07,
, 8.1392E-07,
, 8.1492E-07,
, 8.1283E-07,
, 8.1308E-07,
, 8.0950E-07,
, 8.0975E-07,
, 8.0925E-07,
, 8.0892E-07,
, 8.1108E-07,
, 8.0925E-07,
, 8.0708E-07,
, 8.1467E-07,
, 8.1558E-07,
, 8.1275E-07,
, 8.1400E-07,
, 8.0933E-07,
, 8.0742E-07,
, 8.1383E-07,
, 8.1525E-07,
, 8.1775E-07,
, 8.2183E-07,
, 8.1992E-07,
, 8.2292E-07,
, 8.2183E-07,
, 8.1867E-07,
, 8.2208E-07,
, 8.3183E-07,
, 8.3917E-07,
, 8.4042E-07,
, 8.7283E-07,
, 8.9867E-07,
, 9.1067E-07,
, 8.9600E-07,
, 8.8767E-07,
, 8.8767E-07,
, 8.6817E-07,
, 8.5058E-07,
, 9.1075E-07,
, 9.5083E-07,
, 9.3317E-07,
, 9.3942E-07,
, 9.5275E-07,
, 9.3317E-07,
, 9.1483E-07,
, 8.6658E-07,
, 8.4242E-07,
, 8.2975E-07,
, 8.2650E-07,
, 8.2192E-07,
, 8.2142E-07,
, 8.1942E-07,
, 8.2275E-07,
, 8.2475E-07,
, 8.2667E-07,
, 8.2692E-07,
, 8.2825E-07,
, 8.7317E-07,
, 9.3858E-07,
, 1.0277E-06,
, 1.0967E-06,
, 1.0855E-06,
, 1.0909E-06,
, 1.1253E-06,
, 1.0959E-06,
, 1.1347E-06,
, 1.1879E-06,
, 1.1120E-06,
, 1.0792E-06,
, 1.1960E-06,
, 1.1976E-06,
, 1.0852E-06,
, 1.0306E-06,
, 9.1867E-07,
, 9.8658E-07,
, 1.0473E-06,
, 1.0378E-06,
, 9.8750E-07,
, 8.9767E-07,
, 8.5092E-07,
, 8.3392E-07,
, 8.2633E-07,
, 8.2650E-07,
, 8.2300E-07,
, 8.2033E-07,
, 9.2317E-07,
, 1.0674E-06,
, 1.0955E-06,
, 1.1275E-06,
, 1.1414E-06,
, 1.0497E-06,
, 1.0965E-06,
, 1.0853E-06,
, 9.8350E-07,
, 8.9683E-07,
, 8.5525E-07,
, 8.4350E-07,
, 8.4217E-07,
, 8.8708E-07,
, 9.5742E-07,
, 1.0137E-06,
, 1.0300E-06,
, 1.0489E-06,
, 1.0672E-06,
, 1.0642E-06,
, 1.1113E-06,
, 1.1231E-06,
, 1.1172E-06,
, 1.1143E-06,
, 1.1021E-06,
, 1.0574E-06,
, 1.0784E-06,
, 1.0953E-06,
, 1.0382E-06,
, 1.0195E-06,
, 9.9217E-07,
, 9.9825E-07,
, 9.5442E-07,
, 8.8633E-07,
, 8.5592E-07,
, 1.0007E-06,
, 1.0818E-06,
, 1.1798E-06,
, 1.0997E-06,
, 1.0232E-06,
, 9.5367E-07,
, 9.3500E-07,
, 8.8575E-07,
, 8.8158E-07,
, 8.5133E-07,
, 9.0683E-07,
, 1.0462E-06,
, 1.0718E-06,
, 1.1987E-06,
, 1.2501E-06,
, 1.2056E-06,
, 1.1531E-06,
, 1.1116E-06,
, 1.0594E-06,
, 9.9392E-07,
, 9.5358E-07,
, 1.0156E-06,
, 1.0181E-06,
, 1.0317E-06,
, 1.0539E-06,
, 1.0542E-06,
, 1.0661E-06,
, 1.0653E-06,
, 1.0442E-06,
, 1.0326E-06,
, 1.0472E-06,
, 1.0405E-06,
, 1.0480E-06,
, 1.0658E-06,
, 1.0744E-06,
, 1.0772E-06,
, 1.0722E-06,
, 1.1002E-06,
, 1.1178E-06,
, 1.1060E-06,
, 1.0808E-06,
, 1.0638E-06,
, 1.0723E-06,
, 1.0808E-06,
, 1.0989E-06,
, 1.1215E-06,
, 1.1277E-06,
, 1.1279E-06,
, 1.1279E-06,
, 1.1127E-06,
, 1.1637E-06,
, 1.1847E-06,
, 1.1300E-06,
, 1.1443E-06,
, 1.1008E-06,
, 1.0671E-06,
, 1.0190E-06,
, 1.0062E-06,
, 1.0057E-06,
, 1.0131E-06,
, 1.0272E-06,
, 1.0469E-06,
, 1.0872E-06,
, 1.0843E-06,
, 1.0990E-06,
, 1.1072E-06,
, 1.1120E-06,
, 1.0454E-06,
, 1.0002E-06,
, 9.7408E-07,
, 9.5767E-07,
, 9.3117E-07,
, 9.1917E-07,
, 1.0864E-06,
, 1.1449E-06,
, 1.1578E-06,
, 1.1262E-06,
, 1.0815E-06,
, 1.0871E-06,
, 1.0979E-06,
, 1.0621E-06,
, 1.0838E-06,
, 1.1227E-06,
, 1.0987E-06,
, 1.0782E-06,
, 1.1200E-06,
, 1.0906E-06,
, 1.0795E-06,
, 1.1345E-06,
, 1.0742E-06,
, 1.0895E-06,
, 1.0832E-06,
, 1.1054E-06,
, 1.0644E-06,
, 1.0919E-06,
, 1.0757E-06,
, 1.0747E-06,
, 1.0852E-06,
, 1.0182E-06,
, 1.0373E-06,
, 9.9717E-07,
, 1.0257E-06,
, 9.8367E-07,
, 9.5142E-07,
, 9.3983E-07,
, 1.0165E-06,
, 1.0093E-06,
, 9.7317E-07,
, 1.0197E-06,
, 1.0049E-06,
, 9.7725E-07,
, 9.7417E-07,
, 1.0423E-06,
, 1.0884E-06,
, 1.0242E-06,
, 9.6717E-07,
, 9.6250E-07,
, 1.0526E-06,
, 1.0192E-06,
, 9.6450E-07,
, 1.0379E-06,
, 1.0949E-06,
, 1.0972E-06,
, 1.0677E-06,
, 1.0212E-06,
, 9.6625E-07,
, 1.0018E-06,
, 9.9625E-07,
, 9.7592E-07,
, 1.0181E-06,
, 1.1072E-06,
, 1.1285E-06,
, 1.0924E-06,
, 1.0249E-06,
, 9.7475E-07,
, 9.3108E-07,
, 1.0003E-06,
, 1.0627E-06,
, 1.0447E-06,
, 1.0250E-06,
, 9.8425E-07,
, 9.6767E-07,
, 9.8117E-07,
, 1.0942E-06,
, 1.1492E-06,
, 1.1740E-06,
, 1.2052E-06,
, 1.1934E-06,
, 1.1679E-06,
, 1.1267E-06,
, 1.0924E-06,
, 1.0942E-06,
, 1.0559E-06,
, 1.0041E-06,
, 1.0469E-06,
, 1.0446E-06,
, 1.0276E-06,
, 1.0140E-06,
, 1.0651E-06,
, 1.0187E-06,
, 1.0087E-06,
, 1.0010E-06,
, 9.9225E-07,
, 1.0047E-06,
, 1.0031E-06,
, 9.7192E-07,
, 9.8808E-07,
, 9.9267E-07,
, 1.0083E-06,
, 1.0022E-06,
, 9.6358E-07,
, 9.8383E-07,
, 9.9933E-07,
, 9.8900E-07,
, 1.0048E-06,
, 9.8292E-07,
, 9.9458E-07,
, 9.7383E-07,
, 9.8583E-07,
, 9.6775E-07,
, 9.4942E-07,
, 9.2525E-07,
, 9.2958E-07,
, 9.5475E-07,
, 9.5750E-07,
, 9.4617E-07,
, 9.5217E-07,
, 9.5950E-07,
, 9.4967E-07,
, 9.4308E-07,
, 9.2817E-07,
, 9.3092E-07,
, 9.3675E-07,
, 9.4692E-07,
, 9.3267E-07,
, 9.1992E-07,
, 8.9733E-07,
, 8.6633E-07,
, 8.4742E-07,
, 8.6350E-07,
, 8.8408E-07,
, 8.9875E-07,
, 9.1125E-07,
, 9.8325E-07,
, 1.0238E-06,
, 1.0392E-06,
, 1.0496E-06,
, 1.0344E-06,
, 1.0295E-06,
, 1.0358E-06,
, 1.0887E-06,
, 1.0857E-06,
, 1.0702E-06,
, 1.0532E-06,
, 1.0320E-06,
, 1.0081E-06,
, 1.0117E-06,
, 1.0202E-06,
, 1.0163E-06,
, 1.0060E-06,
, 9.9508E-07,
, 9.9342E-07,
, 9.8000E-07,
, 9.6083E-07,
, 9.3542E-07,
, 9.2600E-07,
, 9.1417E-07,
, 9.1425E-07,
, 9.0775E-07,
, 8.8875E-07,
, 8.7117E-07,
, 8.5458E-07,
, 8.4400E-07,
, 8.4742E-07,
, 8.4133E-07,
, 8.2708E-07,
, 8.3283E-07,
, 8.1742E-07,
, 8.1642E-07,
, 8.3875E-07,
, 8.3575E-07,
, 8.3575E-07,
, 8.5017E-07,
, 8.5075E-07,
, 8.5425E-07,
, 8.6100E-07,
, 8.4908E-07,
, 8.5617E-07,
, 8.6192E-07,
, 8.6733E-07,
, 8.6850E-07,
, 8.7225E-07,
, 8.7092E-07,
, 8.6558E-07,
, 8.4633E-07,
, 8.6458E-07,
, 9.2125E-07,
, 9.5517E-07,
, 1.0295E-06,
, 1.0949E-06,
, 1.1304E-06,
, 1.1535E-06,
, 1.1759E-06,
, 1.1957E-06,
, 1.2197E-06,
, 1.2259E-06,
, 1.2275E-06,
, 1.2370E-06,
, 1.2497E-06,
, 1.2480E-06,
, 1.2463E-06,
, 1.2390E-06,
, 1.2459E-06,
, 1.2637E-06,
, 1.2888E-06,
, 1.3124E-06,
, 1.3282E-06,
, 1.3187E-06,
, 1.3265E-06,
, 1.3484E-06,
, 1.3629E-06,
, 1.3662E-06,
, 1.3703E-06,
, 1.3739E-06,
, 1.3722E-06,
, 1.3772E-06,
, 1.3840E-06,
, 1.3902E-06,
, 1.3920E-06,
, 1.3964E-06,
, 1.3931E-06,
, 1.3892E-06,
, 1.3779E-06,
, 1.3538E-06,
, 1.3296E-06,
, 1.3287E-06,
, 1.3358E-06,
, 1.3327E-06,
, 1.3257E-06,
, 1.2939E-06,
, 1.2410E-06,
, 1.2134E-06,
, 1.1774E-06,
, 1.1087E-06,
, 1.0363E-06,
, 1.0077E-06,
, 9.8592E-07,
, 9.5975E-07,
, 9.3758E-07,
, 9.1692E-07,
, 8.8208E-07,
, 8.7117E-07,
, 8.8992E-07,
, 8.5750E-07,
, 8.5825E-07,
, 8.4892E-07,
, 8.4875E-07,
, 8.4792E-07,
, 8.3733E-07,
, 8.3892E-07,
, 8.3633E-07,
, 8.3583E-07,
, 8.3183E-07,
, 8.2958E-07,
, 8.3333E-07,
, 8.3433E-07,
, 8.3042E-07,
, 8.3558E-07,
, 8.3617E-07,
, 8.4292E-07,
, 8.3667E-07,
, 8.3608E-07,
, 8.4592E-07,
, 8.5425E-07,
, 8.5008E-07,
, 8.5133E-07,
, 8.4942E-07,
, 8.4325E-07,
, 8.4925E-07,
, 8.5583E-07,
, 8.5700E-07,
, 8.5908E-07,
, 8.6092E-07,
, 8.6425E-07,
, 8.7000E-07,
, 8.6867E-07,
, 8.6633E-07,
, 8.7192E-07,
, 8.6975E-07,
, 8.6633E-07,
, 8.6133E-07,
, 8.6325E-07,
, 8.6533E-07,
, 8.6492E-07,
, 8.6283E-07,
, 8.6458E-07,
, 8.6333E-07,
, 8.6308E-07,
, 8.6167E-07,
, 8.7067E-07,
, 8.7983E-07,
, 8.8392E-07,
, 8.8258E-07,
, 8.8308E-07,
, 8.8342E-07,
, 8.8317E-07,
, 8.8292E-07,
, 8.8175E-07,
, 8.8450E-07,
, 8.8625E-07,
, 8.8450E-07,
, 8.7592E-07,
, 8.7583E-07,
, 8.6717E-07,
, 8.7092E-07,
, 8.6275E-07,
, 8.7692E-07,
, 8.6875E-07,
, 8.6333E-07,
, 8.6683E-07,
, 8.7733E-07,
, 8.7933E-07,
, 8.7892E-07,
, 8.7817E-07,
, 8.7917E-07,
, 8.8617E-07,
, 8.8433E-07,
, 8.6667E-07,
, 8.7100E-07,
, 8.6925E-07,
, 8.7650E-07,
, 8.8267E-07,
, 9.0600E-07,
, 9.2100E-07,
, 9.2642E-07,
, 9.2617E-07,
, 9.4500E-07,
, 9.5150E-07,
, 9.5400E-07,
, 9.7608E-07,
, 9.7758E-07,
, 9.7925E-07,
, 9.5767E-07,
, 9.7583E-07,
, 9.8483E-07,
, 9.7783E-07,
, 9.7917E-07,
, 9.7233E-07,
, 9.6642E-07,
, 9.8917E-07,
, 1.0190E-06,
, 1.0325E-06,
, 1.0462E-06,
, 1.0725E-06,
, 1.0970E-06,
, 1.1252E-06,
, 1.1592E-06,
, 1.1726E-06,
, 1.1964E-06,
, 1.2238E-06,
, 1.2542E-06,
, 1.2690E-06,
, 1.2817E-06,
, 1.2794E-06,
, 1.3103E-06,
, 1.3414E-06,
, 1.3639E-06,
, 1.3984E-06,
, 1.3787E-06,
, 1.3757E-06,
, 1.3990E-06,
, 1.4120E-06,
, 1.4392E-06,
, 1.4542E-06,
, 1.4675E-06,
, 1.4734E-06,
, 1.4737E-06,
, 1.4708E-06,
, 1.4781E-06,
, 1.4808E-06,
, 1.4832E-06,
, 1.4932E-06,
, 1.4927E-06,
, 1.4487E-06,
, 1.4197E-06,
, 1.3920E-06,
, 1.3801E-06,
, 1.3722E-06,
, 1.3293E-06,
, 1.3251E-06,
, 1.3372E-06,
, 1.3138E-06,
, 1.2931E-06,
, 1.3199E-06,
, 1.3404E-06,
, 1.3676E-06,
, 1.3841E-06,
, 1.3940E-06,
, 1.3892E-06,
, 1.3650E-06,
, 1.3148E-06,
, 1.3443E-06,
, 1.3294E-06,
, 1.3052E-06,
, 1.3034E-06,
, 1.2894E-06,
, 1.3017E-06,
, 1.3101E-06,
, 1.3297E-06,
, 1.3319E-06,
, 1.3724E-06,
, 1.3958E-06,
, 1.4029E-06,
, 1.3942E-06,
, 1.3894E-06,
, 1.3778E-06,
, 1.2998E-06,
, 1.2692E-06,
, 1.3081E-06,
, 1.3593E-06,
, 1.3213E-06,
, 1.2793E-06,
, 1.2842E-06,
, 1.2679E-06,
, 1.2867E-06,
, 1.2953E-06,
, 1.3040E-06,
, 1.3162E-06,
, 1.3210E-06,
, 1.3157E-06,
, 1.3319E-06,
, 1.3123E-06,
, 1.3298E-06,
, 1.3448E-06,
, 1.3364E-06,
, 1.3648E-06,
, 1.4153E-06,
, 1.4412E-06,
, 1.4825E-06,
, 1.4997E-06,
, 1.4832E-06,
, 1.4278E-06,
, 1.3921E-06,
, 1.3473E-06,
, 1.2946E-06,
, 1.2525E-06,
, 1.2252E-06,
, 1.1994E-06,
, 1.1587E-06,
, 1.1348E-06,
, 1.2284E-06,
, 1.4485E-06,
, 1.5574E-06,
, 1.6139E-06,
, 1.6488E-06,
, 1.6704E-06,
, 1.6857E-06,
, 1.6895E-06,
, 1.6957E-06,
, 1.6841E-06,
, 1.6913E-06,
, 1.6905E-06,
, 1.6795E-06,
, 1.6570E-06,
, 1.6456E-06,
, 1.6307E-06,
, 1.6231E-06,
, 1.6168E-06,
, 1.6470E-06,
, 1.6457E-06,
, 1.6272E-06,
, 1.6288E-06,
, 1.6268E-06,
, 1.6515E-06,
, 1.6722E-06,
, 1.6088E-06,
, 1.3783E-06,
, 1.2761E-06,
, 1.1691E-06,
, 1.4123E-06,
, 1.6296E-06,
, 1.7310E-06,
, 1.7880E-06,
, 1.8147E-06,
, 1.8480E-06,
, 1.8464E-06,
, 1.8384E-06,
, 1.8532E-06,
, 1.8638E-06,
, 1.8633E-06,
, 1.8474E-06,
, 1.7927E-06,
, 1.8335E-06,
, 1.8523E-06,
, 1.8603E-06,
, 1.5462E-06,
, 1.3816E-06,
, 1.3185E-06,
, 1.3604E-06,
, 1.3853E-06,
, 1.3557E-06,
, 1.2967E-06,
, 1.3545E-06,
, 1.4933E-06,
, 1.5801E-06,
, 1.6024E-06,
, 1.6875E-06,
, 1.7836E-06,
, 1.8257E-06,
, 1.8684E-06,
, 1.8887E-06,
, 1.8657E-06,
, 1.8081E-06,
, 1.8089E-06,
, 1.7474E-06,
, 1.6886E-06,
, 1.6400E-06,
, 1.5677E-06,
, 1.4482E-06,
, 1.2377E-06,
, 1.1101E-06,
, 1.2859E-06,
, 1.4835E-06,
, 1.6033E-06,
, 1.6969E-06,
, 1.7422E-06,
, 1.7877E-06,
, 1.9015E-06,
, 2.0187E-06,
, 2.0940E-06,
, 2.1290E-06,
, 2.1660E-06,
, 2.1422E-06,
, 2.1462E-06,
, 2.1351E-06,
, 2.1235E-06,
, 2.1152E-06,
, 2.1027E-06,
, 2.0902E-06,
, 2.0852E-06,
, 2.0327E-06,
, 2.0012E-06,
, 1.8832E-06,
, 1.9007E-06,
, 1.9864E-06,
, 2.0492E-06,
, 2.0257E-06,
, 2.0258E-06,
, 2.0640E-06,
, 2.0437E-06,
, 1.9737E-06,
, 1.9927E-06,
, 2.0542E-06,
, 1.9650E-06,
, 1.6135E-06,
, 1.3863E-06,
, 1.2521E-06,
, 1.3530E-06,
, 1.5210E-06,
, 1.6264E-06,
, 1.7149E-06,
, 1.8213E-06,
, 1.9429E-06,
, 2.0744E-06,
, 2.1139E-06,
, 2.2205E-06,
, 2.2744E-06,
, 2.2932E-06,
, 2.3008E-06,
, 2.2967E-06,
, 2.2505E-06,
, 2.2561E-06,
, 2.2653E-06,
, 2.2462E-06,
, 2.2181E-06,
, 2.2293E-06,
, 2.2087E-06,
, 2.1747E-06,
, 2.1471E-06,
, 2.1022E-06,
, 2.0767E-06,
, 2.0991E-06,
, 2.1284E-06,
, 2.1377E-06,
, 2.1009E-06,
, 1.7977E-06,
, 1.9481E-06,
, 2.0616E-06,
, 2.0142E-06,
, 1.9942E-06,
, 2.0091E-06,
, 2.0932E-06,
, 2.1239E-06,
, 2.0648E-06,
, 2.0387E-06,
, 1.9739E-06,
, 1.9265E-06,
, 1.9797E-06,
, 1.9282E-06,
, 1.8893E-06,
, 1.8744E-06,
, 1.8070E-06,
, 1.7474E-06,
, 1.8436E-06,
, 1.8770E-06,
, 1.8377E-06,
, 1.8467E-06,
, 1.8602E-06,
, 1.8261E-06,
, 1.7632E-06,
, 1.8369E-06,
, 1.8224E-06,
, 1.8924E-06,
, 1.8756E-06,
, 1.8517E-06,
, 1.9350E-06,
, 1.8747E-06,
, 2.0184E-06,
, 2.0932E-06,
, 2.1177E-06,
, 2.1446E-06,
, 2.1708E-06,
, 2.1941E-06,
, 2.1157E-06,
, 2.1099E-06,
, 2.0519E-06,
, 2.0138E-06,
, 1.9336E-06,
, 1.8627E-06,
, 1.9812E-06,
, 2.0660E-06,
, 1.9650E-06,
, 1.9461E-06,
, 1.9647E-06,
, 1.8270E-06,
, 1.8719E-06,
, 1.8057E-06,
, 1.6480E-06,
, 1.6850E-06,
, 1.9822E-06,
, 2.0637E-06,
, 2.0215E-06,
, 2.0143E-06,
, 2.0974E-06,
, 2.1067E-06,
, 2.1505E-06,
, 2.0545E-06,
, 1.9627E-06,
, 1.9257E-06,
, 2.0739E-06,
, 2.0814E-06,
, 2.2660E-06,
, 2.3412E-06,
, 2.3685E-06,
, 2.3242E-06,
, 2.3356E-06,
, 2.3197E-06,
, 2.2625E-06,
, 2.2044E-06,
, 2.2161E-06,
, 2.1855E-06,
, 2.2834E-06,
, 2.3940E-06,
, 2.4172E-06,
, 2.3661E-06,
, 2.3087E-06,
, 2.3267E-06,
, 2.3407E-06,
, 2.2727E-06,
, 2.2332E-06,
, 2.0991E-06,
, 2.0106E-06,
, 2.1087E-06,
, 2.1839E-06,
, 2.2793E-06,
, 2.4084E-06,
, 2.3475E-06,
, 2.3257E-06,
, 2.2382E-06,
, 2.2099E-06,
, 2.2057E-06,
, 2.1649E-06,
, 2.1489E-06,
, 2.1451E-06,
, 2.0540E-06,
, 1.9547E-06,
, 1.9313E-06,
, 1.9332E-06,
, 1.8803E-06,
, 1.9913E-06,
, 2.1024E-06,
, 2.0769E-06,
, 2.0880E-06,
, 2.1115E-06,
, 2.0922E-06,
, 2.0702E-06,
, 2.0002E-06,
, 1.9401E-06,
, 1.9142E-06,
, 1.9864E-06,
, 1.9722E-06,
, 2.0624E-06,
, 2.1453E-06,
, 2.1566E-06,
, 2.1439E-06,
, 2.1942E-06,
, 2.2208E-06,
, 2.1377E-06,
, 2.1961E-06,
, 2.2497E-06,
, 2.3250E-06,
, 2.2637E-06,
, 2.1622E-06,
, 2.1162E-06,
, 2.1047E-06,
, 2.0973E-06,
, 2.2547E-06,
, 2.2955E-06,
, 2.2829E-06,
, 2.2983E-06,
, 2.3462E-06,
, 2.2971E-06,
, 2.1916E-06,
, 2.1762E-06,
, 2.1693E-06,
, 2.1204E-06,
, 2.0682E-06,
, 2.0731E-06,
, 2.0876E-06,
, 2.1083E-06,
, 2.1323E-06,
, 2.1533E-06,
, 2.1406E-06,
, 2.1502E-06,
, 2.1287E-06,
, 2.1136E-06,
, 2.0459E-06,
, 2.1090E-06,
, 2.0950E-06,
, 2.0671E-06,
, 2.3183E-06,
, 2.4106E-06,
, 2.2875E-06,
, 2.2415E-06,
, 2.1832E-06,
, 2.1907E-06,
, 2.3192E-06,
, 2.2302E-06,
, 2.1700E-06,
, 2.1702E-06,
, 2.0917E-06,
, 2.0327E-06,
, 2.2116E-06,
, 2.1790E-06,
, 2.2333E-06,
, 2.2042E-06,
, 2.1042E-06,
, 2.1528E-06,
, 2.1642E-06,
, 2.2562E-06,
, 2.3372E-06,
, 2.2847E-06,
, 2.2644E-06,
, 2.3857E-06,
, 2.3315E-06,
, 2.3440E-06,
, 2.4856E-06,
, 2.5227E-06,
, 2.4300E-06,
, 2.5128E-06,
, 2.5611E-06,
, 2.5046E-06,
, 2.5112E-06,
, 2.5353E-06,
, 2.6318E-06,
, 2.5807E-06,
, 2.6186E-06,
, 2.5107E-06,
, 2.4775E-06,
, 2.4957E-06,
, 2.5132E-06,
, 2.5379E-06,
, 2.4912E-06,
, 2.4385E-06,
, 2.3634E-06,
, 2.3993E-06,
, 2.3556E-06,
, 2.2743E-06,
, 2.4564E-06,
, 2.4725E-06,
, 2.3698E-06,
, 2.3007E-06,
, 2.4056E-06,
, 2.5532E-06,
, 2.4862E-06,
, 2.4824E-06,
, 2.3896E-06,
, 2.2837E-06,
, 2.2858E-06,
, 2.4304E-06,
, 2.2920E-06,
, 2.2177E-06,
, 2.1988E-06,
, 2.1586E-06,
, 2.1110E-06,
, 2.3241E-06,
, 2.4651E-06,
, 2.4436E-06,
, 2.4367E-06,
, 2.3778E-06,
, 2.3686E-06,
, 2.3444E-06,
, 2.3778E-06,
, 2.3815E-06,
, 2.3440E-06,
, 2.3718E-06,
, 2.4583E-06,
, 2.5502E-06,
, 2.4977E-06,
, 2.5069E-06,
, 2.4497E-06,
, 2.4844E-06,
, 2.4162E-06,
, 2.4176E-06,
, 2.4189E-06,
, 2.4878E-06,
, 2.4996E-06,
, 2.4989E-06,
, 2.5030E-06,
, 2.5279E-06,
, 2.5140E-06,
, 2.5329E-06,
, 2.5908E-06,
, 2.6124E-06,
, 2.5476E-06,
, 2.5472E-06,
, 2.5081E-06,
, 2.5147E-06,
, 2.5202E-06,
, 2.5255E-06,
, 2.5801E-06,
, 2.5682E-06,
, 2.5938E-06,
, 2.6097E-06,
, 2.5416E-06,
, 2.5891E-06,
, 2.6043E-06,
, 2.5688E-06,
, 2.4975E-06,
, 2.4682E-06,
, 2.6586E-06,
, 2.5937E-06,
, 2.4609E-06,
, 2.5035E-06,
, 2.5994E-06,
, 2.5760E-06,
, 2.5721E-06,
, 2.6000E-06,
, 2.4893E-06,
, 2.4422E-06,
, 2.5756E-06,
, 2.5977E-06,
, 2.4508E-06,
, 2.3635E-06,
, 2.3351E-06,
, 2.3277E-06,
, 2.3147E-06,
, 2.2799E-06,
, 2.3944E-06,
, 2.3935E-06,
, 2.4372E-06,
, 2.5036E-06,
, 2.5528E-06,
, 2.5317E-06,
, 2.4912E-06,
, 2.5031E-06,
, 2.5881E-06,
, 2.6647E-06,
, 2.5763E-06,
, 2.5381E-06,
, 2.5899E-06,
, 2.5526E-06,
, 2.4665E-06,
, 2.4179E-06,
, 2.5047E-06,
, 2.4737E-06,
, 2.2998E-06,
, 2.2239E-06,
, 2.3565E-06,
, 2.3251E-06,
, 2.3953E-06,
, 2.3198E-06,
, 2.2873E-06,
, 2.2808E-06,
, 2.3245E-06,
, 2.4252E-06,
, 2.4416E-06,
, 2.3603E-06,
, 2.3816E-06,
, 2.4390E-06,
, 2.5433E-06,
, 2.6024E-06,
, 2.5266E-06,
, 2.5923E-06,
, 2.5854E-06,
, 2.4003E-06,
, 2.3672E-06,
, 2.2853E-06,
, 2.2842E-06,
, 2.3166E-06,
, 2.4052E-06,
, 2.4035E-06,
, 2.5438E-06,
, 2.5607E-06,
, 2.6141E-06,
, 2.6507E-06,
, 2.7293E-06,
, 2.6292E-06,
, 2.4127E-06,
, 2.3634E-06,
, 2.3869E-06,
, 2.3216E-06,
, 2.2709E-06,
, 2.2858E-06,
, 2.5147E-06,
, 2.6037E-06,
, 2.4523E-06,
, 2.4283E-06,
, 2.4976E-06,
, 2.4400E-06,
, 2.3583E-06,
, 2.2961E-06,
, 2.3655E-06,
, 2.3447E-06,
, 2.2442E-06,
, 2.3112E-06,
, 2.3900E-06,
, 2.5469E-06,
, 2.5134E-06,
, 2.5626E-06,
, 2.5041E-06,
, 2.3147E-06,
, 2.4368E-06,
, 2.4041E-06,
, 2.4093E-06,
, 2.4887E-06,
, 2.6114E-06,
, 2.7267E-06,
, 2.7305E-06,
, 2.7306E-06,
, 2.7306E-06,
, 2.6278E-06,
, 2.6642E-06,
, 2.6889E-06,
, 2.6202E-06,
, 2.4266E-06,
, 2.4827E-06,
, 2.4783E-06,
, 2.3903E-06,
, 2.4450E-06,
, 2.3059E-06,
, 2.2852E-06,
, 2.2217E-06,
, 2.3559E-06,
, 2.3934E-06,
, 2.3031E-06,
, 2.2859E-06,
, 2.3397E-06,
, 2.3510E-06,
, 2.3641E-06,
, 2.4181E-06,
, 2.4673E-06,
, 2.4686E-06,
, 2.4352E-06,
, 2.4465E-06,
, 2.4162E-06,
, 2.5525E-06,
, 2.5683E-06,
, 2.5802E-06,
, 2.5084E-06,
, 2.6736E-06,
, 2.5472E-06,
, 2.5097E-06,
, 2.5114E-06,
, 2.6023E-06,
, 2.5779E-06,
, 2.7119E-06,
, 2.6832E-06,
, 2.6180E-06,
, 2.5575E-06,
, 2.5740E-06,
, 2.6096E-06,
, 2.5426E-06,
, 2.6351E-06,
, 2.7234E-06,
, 2.7286E-06,
, 2.6905E-06,
, 2.7265E-06,
, 2.6685E-06,
, 2.6831E-06,
, 2.6530E-06,
, 2.5541E-06,
, 2.6242E-06,
, 2.7304E-06,
, 2.7306E-06,
, 2.7306E-06,
, 2.7306E-06,
, 2.7306E-06,
, 2.7306E-06,
, 2.5141E-06,
, 2.3868E-06,
, 2.3132E-06,
, 2.6653E-06,
, 2.7305E-06,
, 2.7306E-06,
, 2.7306E-06,
, 2.7306E-06,
, 2.7306E-06,
, 2.7306E-06,
, 2.7306E-06,
, 2.7306E-06,
, 2.7306E-06,
, 2.7306E-06,
, 2.6287E-06,
, 2.5352E-06,
, 2.6617E-06,
, 2.7305E-06,
, 2.7306E-06,
, 2.7306E-06,
, 2.7306E-06,
, 2.7306E-06,
, 2.7306E-06,
, 2.7277E-06,
, 2.6554E-06,
, 2.4734E-06,
, 2.4804E-06,
, 2.4727E-06,
, 2.4423E-06,
, 2.4301E-06,
, 2.4252E-06,
, 2.4997E-06,
, 2.6218E-06,
, 2.7222E-06,
, 2.7305E-06,
, 2.7306E-06,
, 2.7306E-06,
, 2.7306E-06,
, 2.6114E-06,
, 2.4737E-06,
, 2.3586E-06,
, 2.3499E-06,
, 2.3574E-06,
, 2.3682E-06,
, 2.4073E-06,
, 2.3049E-06,
, 2.5242E-06,
, 2.6212E-06,
, 2.7277E-06,
, 2.7306E-06,
, 2.7306E-06,
, 2.6692E-06,
, 2.5751E-06,
, 2.5629E-06,
, 2.3976E-06,
, 2.3132E-06,
, 2.2191E-06,
, 2.1120E-06,
, 2.1392E-06,
, 2.1239E-06,
, 2.3200E-06,
, 2.5318E-06,
, 2.5422E-06,
, 2.5833E-06,
, 2.5781E-06,
, 2.5797E-06,
, 2.5593E-06,
, 2.4147E-06,
, 2.2832E-06,
, 2.2151E-06,
, 2.2324E-06,
, 2.2111E-06,
, 2.1464E-06,
, 2.0647E-06,
, 2.0547E-06,
, 2.1437E-06,
, 2.1459E-06,
, 2.0587E-06,
, 1.9704E-06,
, 1.8734E-06,
, 1.7907E-06,
, 1.8412E-06,
, 1.9768E-06,
, 1.9284E-06,
, 1.8148E-06,
, 1.7145E-06,
, 1.6685E-06,
, 1.6502E-06,
, 1.6186E-06,
, 1.5356E-06,
, 1.4947E-06,
, 1.5591E-06,
, 1.5282E-06,
, 1.4591E-06,
, 1.4224E-06,
, 1.4120E-06,
, 1.3731E-06,
, 1.3806E-06,
, 1.3818E-06,
, 1.4157E-06,
, 1.4073E-06,
, 1.4849E-06,
, 1.6440E-06,
, 1.7247E-06,
, 1.7165E-06,
, 1.7257E-06,
, 1.7014E-06,
, 1.6714E-06,
, 1.6220E-06,
, 1.5582E-06,
, 1.6842E-06,
, 1.6731E-06,
, 1.5200E-06,
, 1.4207E-06,
, 1.3621E-06,
, 1.3186E-06,
, 1.2607E-06,
, 1.2320E-06,
, 1.2243E-06,
, 1.2330E-06,
, 1.1967E-06,
, 1.1030E-06,
, 1.0876E-06,
, 1.1613E-06,
, 1.1362E-06,
, 1.1224E-06,
, 1.0996E-06,
, 1.1377E-06,
, 1.1457E-06,
, 1.1435E-06,
, 1.1450E-06,
, 1.1347E-06,
, 1.1562E-06,
, 1.2934E-06,
, 1.4482E-06,
, 1.4844E-06,
, 1.4225E-06,
, 1.3367E-06,
, 1.2847E-06,
, 1.2588E-06,
, 1.1415E-06,
, 1.1546E-06,
, 1.2119E-06,
, 1.1932E-06,
, 1.1687E-06,
, 1.1567E-06,
, 1.0662E-06,
, 1.0680E-06,
, 1.2153E-06,
, 1.2142E-06,
, 1.1954E-06,
, 1.2002E-06,
, 1.1904E-06,
, 1.1452E-06,
, 1.0516E-06,
, 1.0746E-06,
, 1.1058E-06,
, 1.1677E-06,
, 1.1682E-06,
, 1.0448E-06,
, 9.9000E-07,
, 9.5967E-07,
, 9.6608E-07,
, 9.4358E-07,
, 9.3342E-07,
, 9.2917E-07,
, 9.2717E-07,
, 9.4608E-07,
, 9.6075E-07,
, 9.3875E-07,
, 9.6442E-07,
, 9.5925E-07,
, 9.4117E-07,
, 9.3967E-07,
, 9.3767E-07,
, 9.2558E-07,
, 9.1808E-07,
, 9.4108E-07,
, 9.5783E-07,
, 9.7067E-07,
, 9.5892E-07,
, 9.5733E-07,
, 9.4317E-07,
, 9.4292E-07,
, 9.3992E-07,
, 9.3342E-07,
, 9.3325E-07,
, 9.2942E-07,
, 9.2708E-07,
, 9.2292E-07,
, 9.2025E-07,
, 9.2833E-07,
, 9.3075E-07,
, 9.4467E-07,
, 9.4725E-07,
, 9.4533E-07,
, 9.4592E-07,
, 9.5417E-07,
, 9.6308E-07,
, 9.6433E-07,
, 9.5683E-07,
, 9.6067E-07,
, 9.5917E-07,
, 9.6200E-07,
, 9.6400E-07,
, 9.6167E-07,
, 9.7467E-07,
, 9.8250E-07,
, 1.0531E-06,
, 1.0836E-06,
, 1.1192E-06,
, 1.1213E-06,
, 1.1011E-06,
, 1.0785E-06,
, 1.0522E-06,
, 1.1217E-06,
, 1.1745E-06,
, 1.2121E-06,
, 1.2879E-06,
, 1.3090E-06,
, 1.2569E-06,
, 1.3421E-06,
, 1.3564E-06,
, 1.3068E-06,
, 1.1790E-06,
, 1.1379E-06,
, 1.2255E-06,
, 1.4481E-06,
, 1.4927E-06,
, 1.5197E-06,
, 1.5467E-06,
, 1.5426E-06,
, 1.5118E-06,
, 1.4284E-06,
, 1.2967E-06,
, 1.1085E-06,
, 1.0152E-06,
, 9.7417E-07,
, 9.6542E-07,
, 9.9583E-07,
, 9.9125E-07,
, 1.0283E-06,
, 1.0589E-06,
, 1.0495E-06,
, 1.0810E-06,
, 1.0743E-06,
, 1.0633E-06,
, 1.0257E-06,
, 9.8467E-07,
, 9.5967E-07,
, 9.2942E-07,
, 9.3533E-07,
, 9.3950E-07,
, 1.1737E-06,
, 1.2239E-06,
, 1.2452E-06,
, 1.3507E-06,
, 1.4567E-06,
, 1.4137E-06,
, 1.3232E-06,
, 1.2672E-06,
, 1.2340E-06,
, 1.2237E-06,
, 1.2117E-06,
, 1.2140E-06,
, 1.2012E-06,
, 1.1646E-06,
, 1.1602E-06,
, 1.1517E-06,
, 1.1589E-06,
, 1.1756E-06,
, 1.1805E-06,
, 1.2236E-06,
, 1.3327E-06,
, 1.3819E-06,
, 1.4353E-06,
, 1.2905E-06,
, 1.1682E-06,
, 1.1083E-06,
, 1.1274E-06,
, 1.1592E-06,
, 1.1722E-06,
, 1.2219E-06,
, 1.2133E-06,
, 1.2587E-06,
, 1.2974E-06,
, 1.3350E-06,
, 1.3401E-06,
, 1.3947E-06,
, 1.4389E-06,
, 1.3935E-06,
, 1.3184E-06,
, 1.2285E-06,
, 1.1006E-06,
, 1.1407E-06,
, 1.1767E-06,
, 1.2017E-06,
, 1.2040E-06,
, 1.2425E-06,
, 1.2792E-06,
, 1.2228E-06,
, 1.2031E-06,
, 1.2336E-06,
, 1.2002E-06,
, 1.1872E-06,
, 1.1302E-06,
, 1.0671E-06,
, 1.0163E-06,
, 9.7558E-07,
, 9.7875E-07,
, 9.8692E-07,
, 9.9200E-07,
, 9.8358E-07,
, 9.8833E-07,
, 9.7033E-07,
, 9.5125E-07,
, 9.4325E-07,
, 9.2350E-07,
, 9.2417E-07,
, 9.0892E-07,
, 9.0125E-07,
, 9.0042E-07,
, 9.0183E-07,
, 8.9233E-07,
, 8.6975E-07,
, 1.1459E-06,
, 1.3741E-06,
, 1.4262E-06,
, 1.4118E-06,
, 1.4402E-06,
, 1.3720E-06,
, 1.3085E-06,
, 1.2749E-06,
, 1.2514E-06,
, 1.1691E-06,
, 1.1470E-06,
, 1.0725E-06,
, 1.0584E-06,
, 1.0586E-06,
, 1.1637E-06,
, 1.1898E-06,
, 1.1336E-06,
, 1.0901E-06,
, 1.0652E-06,
, 1.0763E-06,
, 1.0536E-06,
, 1.0487E-06,
, 1.0367E-06,
, 1.0387E-06,
, 1.0267E-06,
, 1.0121E-06,
, 1.0315E-06,
, 1.0117E-06,
, 1.0172E-06,
, 1.0222E-06,
, 1.0143E-06,
, 1.0162E-06,
, 1.0263E-06,
, 1.0473E-06,
, 1.0310E-06,
, 1.0351E-06,
, 1.0383E-06,
, 1.0110E-06,
, 9.7742E-07,
, 1.0046E-06,
, 1.0020E-06,
, 1.1703E-06,
, 1.3446E-06,
, 1.2603E-06,
, 1.1387E-06,
, 1.1082E-06,
, 1.0653E-06,
, 1.0520E-06,
, 1.0762E-06,
, 1.0892E-06,
, 1.0478E-06,
, 9.8725E-07,
, 9.9200E-07,
, 1.0052E-06,
, 1.0136E-06,
, 1.0145E-06,
, 1.0310E-06,
, 1.0808E-06,
, 1.1781E-06,
, 1.3592E-06,
, 1.3387E-06,
, 1.2320E-06,
, 1.1715E-06,
, 1.0915E-06,
, 9.8250E-07,
, 9.8258E-07,
, 9.8333E-07,
, 1.0132E-06,
, 1.0658E-06,
, 1.0303E-06,
, 1.0117E-06,
, 1.0149E-06,
, 1.0287E-06,
, 1.0276E-06,
, 1.0365E-06,
, 1.0574E-06,
, 1.0438E-06,
, 1.0450E-06,
, 1.0554E-06,
, 1.0792E-06,
, 1.1722E-06,
, 1.1768E-06,
, 1.1391E-06,
, 1.0959E-06,
, 1.0612E-06,
, 1.0410E-06,
, 1.0446E-06,
, 1.0189E-06,
, 9.9233E-07,
, 9.9458E-07,
, 1.0512E-06,
, 1.0445E-06,
, 1.0717E-06,
, 1.0897E-06,
, 1.0865E-06,
, 1.1044E-06,
, 1.0678E-06,
, 1.0070E-06,
, 9.8583E-07,
, 9.8967E-07,
, 9.7275E-07,
, 9.6775E-07,
, 9.6117E-07,
, 9.5625E-07,
, 9.5042E-07,
, 9.4292E-07,
, 9.5225E-07,
, 9.6975E-07,
, 9.5933E-07,
, 9.4408E-07,
, 9.4242E-07,
, 9.4517E-07,
, 9.4892E-07,
, 9.5142E-07,
, 9.6117E-07,
, 9.6958E-07,
, 9.7233E-07,
, 9.6358E-07,
, 9.5375E-07,
, 9.3833E-07,
, 9.4708E-07,
, 9.5083E-07,
, 9.3683E-07,
, 9.2642E-07,
, 9.2708E-07,
, 9.3408E-07,
, 9.3508E-07,
, 9.4058E-07,
, 9.5500E-07,
, 9.3850E-07,
, 9.2717E-07,
, 9.0583E-07,
, 8.9125E-07,
, 8.8250E-07,
, 8.6825E-07,
, 8.5625E-07,
, 8.4592E-07,
, 8.4667E-07,
, 8.5175E-07,
, 8.4558E-07,
, 8.3700E-07,
, 8.4275E-07,
, 8.9708E-07,
, 9.0158E-07,
, 8.7100E-07,
, 8.5417E-07,
, 8.5042E-07,
, 8.8058E-07,
, 8.9775E-07,
, 8.7500E-07,
, 8.6142E-07,
, 8.5058E-07,
, 8.5108E-07,
, 8.5000E-07,
, 8.4742E-07,
, 8.4625E-07,
, 8.4517E-07,
, 8.4550E-07,
, 8.4583E-07,
, 8.4842E-07,
, 8.5000E-07,
, 8.5350E-07,
, 8.5083E-07,
, 8.5058E-07,
, 8.4100E-07,
, 8.5717E-07,
, 8.7017E-07,
, 8.7050E-07,
, 8.6383E-07,
, 8.7592E-07,
, 8.6925E-07,
, 8.5817E-07,
, 8.5025E-07,
, 8.5033E-07,
, 8.5650E-07,
, 8.7083E-07,
, 8.8433E-07,
, 8.9792E-07,
, 9.0150E-07,
, 8.4992E-07,
, 8.4725E-07,
, 8.5617E-07,
, 9.1075E-07,
, 8.9742E-07,
, 8.6775E-07,
, 8.5483E-07,
, 8.3917E-07,
, 8.5100E-07,
, 8.5450E-07,
, 8.3850E-07,
, 8.4867E-07,
, 8.6608E-07,
, 8.6150E-07,
, 8.5525E-07,
, 8.4800E-07,
, 8.4100E-07,
, 8.2942E-07,
, 8.2942E-07,
, 8.2333E-07,
, 8.2583E-07,
, 8.3208E-07,
, 8.2608E-07,
, 8.2583E-07,
, 8.2625E-07,
, 8.6150E-07,
, 8.6625E-07,
, 8.2942E-07,
, 8.2517E-07,
, 8.2808E-07,
, 8.4417E-07,
, 8.4483E-07,
, 8.2608E-07,
, 8.1725E-07,
, 8.1450E-07,
, 8.2733E-07,
, 8.3267E-07,
, 8.2900E-07,
, 8.2833E-07,
, 8.2158E-07,
, 8.2492E-07,
, 8.2483E-07,
, 8.2925E-07,
, 8.3217E-07,
, 8.4233E-07,
, 8.3733E-07,
, 8.4467E-07,
, 8.5158E-07,
, 8.6075E-07,
, 8.5958E-07,
, 8.5200E-07,
, 8.4642E-07,
, 8.5750E-07,
, 8.4042E-07,
, 8.3825E-07,
, 8.3758E-07,
, 8.3925E-07,
, 8.4292E-07,
, 8.5233E-07,
, 8.5092E-07,
, 8.5483E-07,
, 8.5292E-07,
, 8.6025E-07,
, 8.5025E-07,
, 8.4625E-07,
, 8.4233E-07,
, 8.4975E-07,
, 8.5458E-07,
, 8.5700E-07,
, 8.5967E-07,
, 8.6708E-07,
, 8.6483E-07,
, 8.5775E-07,
, 8.5342E-07,
, 8.5233E-07,
, 8.4175E-07,
, 8.4233E-07,
, 8.2100E-07,
, 8.0958E-07,
, 8.0808E-07,
, 8.0775E-07,
, 8.1058E-07,
, 8.1825E-07,
, 8.1725E-07,
, 8.1408E-07,
, 8.1467E-07,
, 8.3000E-07,
, 8.6100E-07,
, 9.1008E-07,
, 9.1692E-07,
, 9.1192E-07,
, 8.9817E-07,
, 8.8417E-07,
, 8.6517E-07,
, 8.4175E-07,
, 8.4733E-07,
, 8.4250E-07,
, 8.5483E-07,
, 8.6950E-07,
, 8.5508E-07,
, 8.5692E-07,
, 8.5417E-07,
, 8.5242E-07,
, 8.5808E-07,
, 8.6483E-07,
, 8.5542E-07,
, 8.8183E-07,
, 8.7800E-07,
, 8.9125E-07,
, 9.0692E-07,
, 9.0042E-07,
, 8.6200E-07,
, 8.4608E-07,
, 8.3833E-07,
, 9.1058E-07,
, 9.0425E-07,
, 8.8075E-07,
, 8.6508E-07,
, 8.8875E-07,
, 8.7683E-07,
, 8.5708E-07,
, 8.5858E-07,
, 8.6650E-07,
, 8.7217E-07,
, 8.5825E-07,
, 8.4900E-07,
, 8.4258E-07,
, 8.5067E-07,
, 8.5992E-07,
, 8.4792E-07,
, 8.3608E-07,
, 8.3925E-07,
, 8.6167E-07,
, 8.7625E-07,
, 8.7417E-07,
, 8.7867E-07,
, 9.0017E-07,
, 9.2975E-07,
, 9.1333E-07,
, 8.8483E-07,
, 8.5717E-07,
, 8.4875E-07,
, 8.7500E-07,
, 8.7967E-07,
, 8.8717E-07,
, 8.8658E-07,
, 8.7917E-07,
, 8.6600E-07,
, 8.4333E-07,
, 8.4333E-07,
, 8.4858E-07,
, 8.3933E-07,
, 8.1333E-07,
, 7.9467E-07,
, 7.8183E-07,
, 7.8200E-07,
, 7.7617E-07,
, 7.8517E-07,
, 7.9242E-07,
, 8.1300E-07,
, 8.3483E-07,
, 8.3592E-07,
, 8.3150E-07,
, 8.2092E-07,
, 8.2050E-07,
, 8.3108E-07,
, 8.1475E-07,
, 7.9300E-07,
, 7.8642E-07,
, 7.8925E-07,
, 7.7808E-07,
, 7.7267E-07,
, 7.8042E-07,
, 7.8292E-07,
, 7.8200E-07,
, 7.9075E-07,
, 8.0550E-07,
, 7.9300E-07,
, 7.8758E-07,
, 7.8542E-07,
, 7.9500E-07,
, 7.9933E-07,
, 8.1142E-07,
, 8.1883E-07,
, 8.0817E-07,
, 7.9275E-07,
, 7.9200E-07,
, 7.9900E-07,
, 7.9192E-07,
, 7.8775E-07,
, 7.8258E-07,
, 7.8425E-07,
, 8.0025E-07,
, 8.0667E-07,
, 7.8558E-07,
, 7.7075E-07,
, 7.8175E-07,
, 7.9500E-07,
, 7.9642E-07,
, 8.0408E-07,
, 8.0700E-07,
, 8.4683E-07,
, 8.1425E-07,
, 7.8808E-07,
, 7.7467E-07,
, 7.7775E-07,
, 7.6608E-07,
, 7.6075E-07,
, 7.5792E-07,
, 7.6208E-07,
, 7.5883E-07,
, 7.6100E-07,
, 7.6208E-07,
, 7.8642E-07,
, 8.0017E-07,
, 7.8742E-07,
, 7.7350E-07,
, 7.7025E-07,
, 7.6267E-07,
, 7.5650E-07,
, 7.5183E-07,
, 7.5083E-07,
, 7.5283E-07,
, 7.5575E-07,
, 7.5625E-07,
, 7.4850E-07,
, 7.4633E-07,
, 7.5175E-07,
, 7.5250E-07,
, 7.6883E-07,
, 7.6583E-07,
, 7.6558E-07,
, 7.6275E-07,
, 7.6158E-07,
, 7.5583E-07,
, 7.6300E-07,
, 7.6525E-07,
, 7.6175E-07,
, 7.6833E-07,
, 7.6575E-07,
, 7.6342E-07,
, 7.7092E-07,
, 7.8467E-07,
, 8.0508E-07,
, 8.1508E-07,
, 8.2808E-07,
, 8.2033E-07,
, 8.0125E-07,
, 8.0667E-07,
, 7.8875E-07,
, 7.9108E-07,
, 8.1342E-07,
, 8.3250E-07,
, 8.3717E-07,
, 8.3842E-07,
, 8.1767E-07,
, 8.0533E-07,
, 8.0500E-07,
, 8.0225E-07,
, 7.9158E-07,
, 7.8942E-07,
, 7.8658E-07,
, 7.8733E-07,
, 7.9258E-07,
, 7.9667E-07,
, 8.0775E-07,
, 8.0858E-07,
, 8.5092E-07,
, 8.4383E-07,
, 8.1775E-07,
, 8.0950E-07,
, 8.0525E-07,
, 8.1292E-07,
, 8.1842E-07,
, 8.0242E-07,
, 7.9433E-07,
, 7.8917E-07,
, 7.9242E-07,
, 8.0950E-07,
, 8.2092E-07,
, 8.1700E-07,
, 8.2792E-07,
, 8.2867E-07,
, 8.3425E-07,
, 8.3575E-07,
, 8.2717E-07,
, 7.7467E-07,
, 7.7675E-07,
, 7.6667E-07,
, 7.5633E-07,
, 7.6383E-07,
, 7.6408E-07,
, 7.6242E-07,
, 7.5300E-07,
, 7.6575E-07,
, 7.6708E-07,
, 7.7000E-07,
, 7.7500E-07,
, 7.9317E-07,
, 8.0175E-07,
, 8.0242E-07,
, 7.9425E-07,
, 8.0183E-07,
, 8.1033E-07,
, 8.0208E-07,
, 8.0717E-07,
, 8.0808E-07,
, 8.0975E-07,
, 8.1383E-07,
, 8.1442E-07,
, 8.0200E-07,
, 7.8867E-07,
, 7.8525E-07,
, 7.7883E-07,
, 7.7717E-07,
, 7.7275E-07,
, 7.7267E-07,
, 7.7192E-07,
, 7.6783E-07,
, 7.7225E-07,
, 7.6833E-07,
, 7.6817E-07,
, 7.7867E-07,
, 7.9583E-07,
, 8.0442E-07,
, 8.1325E-07,
, 8.1550E-07,
, 8.1550E-07,
, 8.1442E-07,
, 8.0942E-07,
, 8.0758E-07,
, 8.0983E-07,
, 8.1042E-07,
, 8.0258E-07,
, 8.0633E-07,
, 8.1392E-07,
, 8.1367E-07,
, 8.1150E-07,
, 8.0908E-07,
, 8.1225E-07,
, 8.1450E-07,
, 8.1275E-07,
, 8.1000E-07,
, 8.0908E-07,
, 8.1233E-07,
, 8.0900E-07,
, 8.0983E-07,
, 8.0950E-07,
, 8.1342E-07,
, 8.1200E-07,
, 8.1692E-07,
, 8.1733E-07,
, 8.1225E-07,
, 8.1108E-07,
, 8.1033E-07,
, 8.0783E-07,
, 8.0592E-07,
, 8.0700E-07,
, 8.1017E-07,
, 8.0742E-07,
, 8.0508E-07,
, 8.0392E-07,
, 8.0125E-07,
, 8.0142E-07,
, 8.0733E-07,
, 7.9600E-07,
, 7.9058E-07,
, 7.8300E-07,
, 7.8467E-07,
, 7.7192E-07,
, 7.6908E-07,
, 7.8233E-07,
, 7.9367E-07,
, 7.9583E-07,
, 7.6867E-07,
, 7.6017E-07,
, 7.6708E-07,
, 7.6917E-07,
, 7.6967E-07,
, 7.8200E-07,
, 7.8500E-07,
, 7.8475E-07,
, 7.8242E-07,
, 7.8792E-07,
, 7.8117E-07,
, 7.7908E-07,
, 7.8983E-07,
, 7.8125E-07,
, 7.7958E-07,
, 7.8325E-07,
, 7.5350E-07,
, 7.3958E-07,
, 7.3408E-07,
, 7.6508E-07,
, 7.8017E-07,
, 7.8933E-07,
, 7.8950E-07,
, 7.8542E-07,
, 7.8633E-07,
, 7.8567E-07,
, 7.8850E-07,
, 7.8825E-07,
, 7.8517E-07,
, 7.8750E-07,
, 7.8867E-07,
, 7.9183E-07,
, 7.9033E-07,
, 7.8067E-07,
, 7.7383E-07,
, 7.7375E-07,
, 7.7658E-07,
, 7.7192E-07,
, 7.5125E-07,
, 7.5717E-07,
, 7.6642E-07,
, 7.6858E-07,
, 7.6942E-07,
, 7.5233E-07,
, 7.5683E-07,
, 7.6150E-07,
, 7.6775E-07,
, 7.7675E-07,
, 7.8675E-07,
, 7.8617E-07,
, 7.8633E-07,
, 7.8708E-07,
, 7.9042E-07,
, 7.9608E-07,
, 8.0300E-07,
, 8.0350E-07,
, 8.0308E-07,
, 8.1325E-07,
, 8.1925E-07,
, 8.2250E-07,
, 8.1983E-07,
, 8.1725E-07,
, 8.1142E-07,
, 8.1383E-07,
, 8.1733E-07,
, 8.1083E-07,
, 8.0908E-07,
, 7.9933E-07,
, 7.9083E-07,
, 7.8792E-07,
, 7.9975E-07,
, 8.0642E-07,
, 7.9258E-07,
, 7.8867E-07,
, 7.9000E-07,
, 7.2733E-07,
, 6.8317E-07,
, 6.8933E-07,
, 7.3183E-07,
, 7.5592E-07,
, 7.7600E-07,
, 7.8275E-07,
, 7.7667E-07,
, 8.0767E-07,
, 7.8525E-07,
, 7.7450E-07,
, 7.7408E-07,
, 7.8950E-07,
, 8.0500E-07,
, 8.0925E-07,
, 8.0642E-07,
, 8.0858E-07,
, 8.0283E-07,
, 7.7683E-07,
, 7.5633E-07,
, 7.4850E-07,
, 7.4742E-07,
, 7.6058E-07,
, 7.7575E-07,
, 7.8225E-07,
, 7.8500E-07,
, 7.8508E-07,
, 7.8742E-07,
, 7.8592E-07,
, 7.8817E-07,
, 7.8833E-07,
, 7.9025E-07,
, 8.0833E-07,
, 8.3700E-07,
, 8.4617E-07,
, 8.4983E-07,
, 8.5433E-07,
, 8.5783E-07,
, 8.5700E-07,
, 8.5642E-07,
, 8.5358E-07,
, 8.5333E-07,
, 8.5208E-07,
, 8.4625E-07,
, 8.4475E-07,
, 8.4492E-07,
, 8.3975E-07,
, 8.3000E-07,
, 8.2558E-07,
, 8.2742E-07,
, 8.2508E-07,
, 8.2300E-07,
, 8.2183E-07,
, 8.2108E-07,
, 8.1858E-07,
, 8.1667E-07,
, 8.1600E-07,
, 8.1683E-07,
, 8.1758E-07,
, 8.1667E-07,
, 8.1683E-07,
, 8.1725E-07,
, 8.1617E-07,
, 8.1558E-07,
, 8.1475E-07,
, 8.1192E-07,
, 8.1333E-07,
, 8.0925E-07,
, 8.0700E-07,
, 8.0400E-07,
, 8.8458E-07,
, 9.7842E-07,
, 9.6183E-07,
, 9.2208E-07,
, 8.6275E-07,
, 8.3292E-07,
, 8.2308E-07,
, 8.2033E-07,
, 8.1817E-07,
, 8.1617E-07,
, 8.1592E-07,
, 8.1658E-07,
, 8.1242E-07,
, 8.1333E-07,
, 8.1417E-07,
, 8.1867E-07,
, 8.1417E-07,
, 8.0875E-07,
, 8.0717E-07,
, 8.0950E-07,
, 8.0683E-07,
, 8.0683E-07,
, 8.0500E-07,
, 8.0675E-07,
, 8.0658E-07,
, 8.1117E-07,
, 8.1158E-07,
, 8.1508E-07,
, 8.1633E-07,
, 8.1858E-07,
, 8.2017E-07,
, 8.2033E-07,
, 8.1400E-07,
, 8.1125E-07,
, 8.1033E-07,
, 8.0975E-07,
, 8.0858E-07,
, 8.1233E-07,
, 8.2033E-07,
, 8.1283E-07,
, 8.0658E-07,
, 8.0725E-07,
, 8.0800E-07,
, 8.1350E-07,
, 8.1375E-07,
, 8.0775E-07,
, 7.7367E-07,
, 6.1908E-07,
, 6.1292E-07,
, 6.5508E-07,
, 6.8492E-07,
, 7.0025E-07,
, 7.1517E-07,
, 7.1683E-07,
, 7.1517E-07,
, 7.2050E-07,
, 7.2583E-07,
, 7.1983E-07,
, 7.1450E-07,
, 7.1525E-07,
, 7.2692E-07,
, 7.3458E-07,
, 7.4408E-07,
, 7.6308E-07,
, 7.6400E-07,
, 7.6742E-07,
, 7.8133E-07,
, 7.9358E-07,
, 7.7642E-07,
, 7.5317E-07,
, 7.5325E-07,
, 7.5367E-07,
, 7.6350E-07,
, 7.6992E-07,
, 7.8858E-07,
, 8.2142E-07,
, 8.3358E-07,
, 8.2983E-07,
, 8.2850E-07,
, 8.3500E-07,
, 8.3667E-07,
, 8.2900E-07,
, 8.2408E-07,
, 8.2350E-07,
, 8.2750E-07,
, 8.3133E-07,
, 8.3117E-07,
, 8.2825E-07,
, 8.2633E-07,
, 8.2800E-07,
, 8.2900E-07,
, 8.2100E-07,
, 8.1858E-07,
, 8.1725E-07,
, 8.1625E-07,
, 8.2017E-07,
, 8.2083E-07,
, 8.2042E-07,
, 8.1783E-07,
, 8.1692E-07,
, 8.2258E-07,
, 8.3108E-07,
, 8.3008E-07,
, 8.2675E-07,
, 8.2650E-07,
, 8.1900E-07,
, 8.1367E-07,
, 8.0950E-07,
, 8.0950E-07,
, 8.0950E-07,
, 8.1108E-07,
, 8.1158E-07,
, 8.1092E-07,
, 8.1233E-07,
, 8.1400E-07,
, 8.1525E-07,
, 8.1892E-07,
, 8.2200E-07,
, 8.2558E-07,
, 8.2342E-07,
, 8.1975E-07,
, 8.1942E-07,
, 8.2617E-07,
, 8.2292E-07,
, 8.1958E-07,
, 8.1975E-07,
, 8.2217E-07,
, 8.3108E-07,
, 8.2708E-07,
, 8.3192E-07,
, 8.2725E-07,
, 8.2450E-07,
, 8.3083E-07,
, 8.2633E-07,
, 8.2900E-07,
, 8.3033E-07,
, 8.3158E-07,
, 8.2967E-07,
, 8.2775E-07,
, 8.2792E-07,
, 8.2967E-07,
, 8.2733E-07,
, 8.2233E-07,
, 8.2200E-07,
, 8.1942E-07,
, 8.1908E-07,
, 8.2217E-07,
, 8.2750E-07,
, 7.1550E-07,
, 6.4200E-07,
, 7.3567E-07,
, 8.0017E-07,
, 8.1550E-07,
, 8.1833E-07,
, 8.1892E-07,
, 7.8833E-07,
, 7.2942E-07,
, 7.8608E-07,
, 8.1525E-07,
, 8.2208E-07,
, 8.2267E-07,
, 8.2583E-07,
, 8.3242E-07,
, 8.3258E-07,
, 8.2833E-07,
, 8.3417E-07,
, 8.3400E-07,
, 8.3025E-07,
, 8.3383E-07,
, 8.3258E-07,
, 8.2775E-07,
, 8.2925E-07,
, 8.3100E-07,
, 8.3250E-07,
, 8.3075E-07,
, 8.3250E-07,
, 8.3567E-07,
, 8.3458E-07,
, 8.3350E-07,
, 8.3508E-07,
, 8.3442E-07,
, 8.3142E-07,
, 8.3183E-07,
, 8.3033E-07,
, 8.3250E-07,
, 8.2792E-07,
, 8.2367E-07,
, 8.2292E-07,
, 8.2850E-07,
, 8.3208E-07,
, 8.2892E-07,
, 8.2775E-07,
, 8.2933E-07,
, 8.2892E-07,
, 8.2908E-07,
, 7.5042E-07,
, 7.7533E-07,
, 7.9483E-07,
, 8.1642E-07,
, 8.3317E-07,
, 8.4492E-07,
, 8.4475E-07,
, 8.4442E-07,
, 8.4292E-07,
, 8.4467E-07,
, 8.4717E-07,
, 8.4950E-07,
, 8.4850E-07,
, 8.4467E-07,
, 8.2600E-07,
, 8.2350E-07,
, 8.2800E-07,
, 8.2917E-07,
, 8.2225E-07,
, 8.1908E-07,
, 8.1700E-07,
, 8.1992E-07,
, 8.2200E-07,
, 8.1825E-07,
, 8.1900E-07,
, 8.1542E-07,
, 8.1308E-07,
, 8.0725E-07,
, 8.0225E-07,
, 8.0308E-07,
, 8.1117E-07,
, 8.1392E-07,
, 8.1092E-07,
, 8.1358E-07,
, 8.1308E-07,
, 8.1617E-07,
, 8.1708E-07,
, 8.0892E-07,
, 7.8667E-07,
, 7.9300E-07,
, 8.0567E-07,
, 8.0817E-07,
, 8.1483E-07,
, 8.0858E-07,
, 7.9317E-07,
, 7.9108E-07,
, 8.0833E-07,
, 8.1775E-07,
, 8.2283E-07,
, 8.2750E-07,
, 8.3417E-07,
, 8.3758E-07,
, 8.3208E-07,
, 8.2775E-07,
, 8.2742E-07,
, 8.2183E-07,
, 8.2142E-07,
, 8.2083E-07,
, 8.2492E-07,
, 8.2675E-07,
, 8.2758E-07,
, 8.2733E-07,
, 8.2483E-07,
, 8.2358E-07,
, 8.2492E-07,
, 8.2383E-07,
, 8.2525E-07,
, 8.1733E-07,
, 8.1683E-07,
, 8.1633E-07,
, 8.1575E-07,
, 8.1683E-07,
, 8.1600E-07,
, 8.1400E-07,
, 8.2008E-07,
, 8.1817E-07,
, 8.1433E-07,
, 8.1692E-07,
, 8.1675E-07,
, 8.1883E-07,
, 8.1675E-07,
, 8.1283E-07,
, 8.1408E-07,
, 8.1200E-07,
, 8.0767E-07,
, 8.0500E-07,
, 8.0783E-07,
, 8.0775E-07,
, 8.1100E-07,
, 8.1058E-07,
, 8.0900E-07,
, 8.0883E-07,
, 8.0808E-07,
, 8.0642E-07,
, 7.9758E-07,
, 8.0033E-07,
, 8.0383E-07,
, 8.0283E-07,
, 8.0542E-07,
, 8.0583E-07,
, 8.0133E-07,
, 7.9692E-07,
, 8.0475E-07,
, 8.0925E-07,
, 8.0842E-07,
, 8.0333E-07,
, 8.0325E-07,
, 8.0750E-07,
, 8.1567E-07,
, 8.1967E-07,
, 8.2033E-07,
, 8.2008E-07,
, 8.1942E-07,
, 8.1883E-07,
, 8.2175E-07,
, 8.2342E-07,
, 8.2258E-07,
, 8.2425E-07,
, 8.2500E-07,
, 8.2458E-07,
, 8.2508E-07,
, 8.2500E-07,
, 8.2567E-07,
, 8.2533E-07,
, 8.2808E-07,
, 8.2858E-07,
, 8.2325E-07,
, 8.1717E-07,
, 8.1592E-07,
, 8.1567E-07,
, 8.1183E-07,
, 8.1258E-07,
, 8.0958E-07,
, 8.1025E-07,
, 8.1150E-07,
, 8.1617E-07,
, 8.2033E-07,
, 8.1817E-07,
, 8.1808E-07,
, 8.1567E-07,
, 8.1258E-07,
, 8.1133E-07,
, 8.1000E-07,
, 8.1108E-07,
, 8.1258E-07,
, 8.0875E-07,
, 8.0800E-07,
, 8.0808E-07,
, 8.0733E-07,
, 8.0783E-07,
, 8.1167E-07,
, 8.1567E-07,
, 8.2392E-07,
, 8.2767E-07,
, 8.2875E-07,
, 8.3067E-07,
, 8.2800E-07,
, 8.2692E-07,
, 8.2633E-07,
, 8.2042E-07,
, 8.1442E-07,
, 8.1258E-07,
, 8.1342E-07,
, 8.1983E-07,
, 8.1883E-07,
, 8.1833E-07,
, 8.1700E-07,
, 8.1942E-07,
, 8.1567E-07,
, 8.1925E-07,
, 8.1650E-07,
, 8.1267E-07,
, 8.0975E-07,
, 8.1042E-07,
, 8.1233E-07,
, 8.0692E-07,
, 8.0492E-07,
, 8.0542E-07,
, 8.0867E-07,
, 8.0692E-07,
, 8.0650E-07,
, 8.1175E-07,
, 8.0975E-07,
, 8.0842E-07,
, 8.0950E-07,
, 8.0892E-07,
, 8.0575E-07,
, 7.9958E-07,
, 7.9883E-07,
, 8.0208E-07,
, 8.0533E-07,
, 8.0708E-07,
, 8.0983E-07,
, 8.0600E-07,
, 8.0400E-07,
, 8.0317E-07,
, 8.0350E-07,
, 8.0408E-07,
, 8.0433E-07,
, 8.0775E-07,
, 8.0750E-07,
, 8.0733E-07,
, 8.0508E-07,
, 8.0458E-07,
, 8.0433E-07,
, 8.0333E-07,
, 8.0525E-07,
, 8.0408E-07,
, 8.0350E-07,
, 8.0250E-07,
, 7.9792E-07,
, 7.9983E-07,
, 8.0108E-07,
, 8.0158E-07,
, 8.0142E-07,
, 8.0192E-07,
, 8.0383E-07,
, 8.0542E-07,
, 8.0983E-07,
, 8.1017E-07,
, 8.0725E-07,
, 8.0658E-07,
, 8.0633E-07,
, 8.0658E-07,
, 8.0725E-07,
, 8.0425E-07,
, 8.0058E-07,
, 7.9992E-07,
, 8.0117E-07,
, 8.0133E-07,
, 8.0200E-07,
, 8.0242E-07,
, 8.0242E-07,
, 8.0250E-07,
, 8.0183E-07,
, 8.0167E-07,
, 7.9858E-07,
, 7.9917E-07,
, 8.0017E-07,
, 7.9792E-07,
, 7.9708E-07,
, 7.9533E-07,
, 7.9408E-07,
, 7.9367E-07,
, 7.9275E-07,
, 7.9333E-07,
, 7.9433E-07,
, 7.9775E-07,
, 7.9842E-07,
, 7.9917E-07,
, 8.0108E-07,
, 8.0125E-07,
, 7.9992E-07,
, 7.9800E-07,
, 7.9792E-07,
, 7.9825E-07,
, 7.9717E-07,
, 7.9742E-07,
, 7.9833E-07,
, 7.9717E-07,
, 7.9850E-07,
, 7.9758E-07,
, 7.9342E-07,
, 7.8842E-07,
, 7.8800E-07,
, 7.8875E-07,
, 7.8933E-07,
, 7.8992E-07,
, 7.8817E-07,
, 7.8542E-07,
, 7.8800E-07,
, 7.9150E-07,
, 7.9442E-07,
, 7.9633E-07,
, 7.9883E-07,
, 7.9608E-07,
, 7.9300E-07,
, 7.8875E-07,
, 7.9083E-07,
, 7.9033E-07,
, 7.9183E-07,
, 7.9067E-07,
, 7.8700E-07,
, 7.8208E-07,
, 7.7908E-07,
, 7.8000E-07,
, 7.7450E-07,
, 7.7900E-07,
, 7.8433E-07,
, 7.8650E-07,
, 7.8467E-07,
, 7.8192E-07,
, 7.8233E-07,
, 7.7758E-07,
, 7.8150E-07,
, 7.8592E-07,
, 7.8292E-07,
, 7.8300E-07,
, 7.8242E-07,
, 7.7017E-07,
, 7.6842E-07,
, 7.7392E-07,
, 7.7167E-07,
, 7.6800E-07,
, 7.4400E-07,
, 7.2267E-07,
, 7.2400E-07,
, 7.6142E-07,
, 7.7858E-07,
, 7.8092E-07,
, 7.8333E-07,
, 7.8858E-07,
, 7.8758E-07,
, 7.8133E-07,
, 7.8350E-07,
, 7.8775E-07,
, 7.8983E-07,
, 7.8992E-07,
, 7.7475E-07,
, 7.5492E-07,
, 7.5308E-07,
, 7.5742E-07,
, 7.5067E-07,
, 7.4875E-07,
, 7.4850E-07,
, 7.5558E-07,
, 7.6358E-07,
, 7.7400E-07,
, 7.8275E-07,
, 7.6850E-07,
, 7.5200E-07,
, 7.5092E-07,
, 7.5792E-07,
, 7.7000E-07,
, 7.6875E-07,
, 7.6342E-07,
, 7.5400E-07,
, 7.5725E-07,
, 7.5083E-07,
, 7.4975E-07,
, 7.6242E-07,
, 7.6775E-07,
, 7.9050E-07,
, 7.9592E-07,
, 7.8258E-07,
, 7.7950E-07,
, 7.9333E-07,
, 7.9725E-07,
, 7.9275E-07,
, 7.7250E-07,
, 7.6292E-07,
, 7.6292E-07,
, 7.7792E-07,
, 7.8283E-07,
, 7.9608E-07,
, 8.0092E-07,
, 8.0250E-07,
, 8.0825E-07,
, 8.0017E-07,
, 7.8583E-07,
, 7.8183E-07,
, 7.8308E-07,
, 7.8400E-07,
, 7.8033E-07,
, 7.7983E-07,
, 7.8792E-07,
, 7.9817E-07,
, 7.9233E-07,
, 8.0400E-07,
, 8.0200E-07,
, 8.0483E-07,
, 8.0558E-07,
, 8.0492E-07,
, 8.0292E-07,
, 8.0208E-07,
, 8.0142E-07,
, 8.0233E-07,
, 8.0067E-07,
, 7.9925E-07,
, 8.0275E-07,
, 8.0325E-07,
, 8.0125E-07,
, 7.9992E-07,
, 8.0075E-07,
, 7.9567E-07,
, 7.9433E-07,
, 7.9550E-07,
, 7.9450E-07,
, 7.9117E-07,
, 7.9175E-07,
, 7.9050E-07,
, 7.9058E-07,
, 7.8467E-07,
, 7.8042E-07,
, 7.8042E-07,
, 7.8058E-07,
, 7.7950E-07,
, 7.7692E-07,
, 7.7858E-07,
, 7.8025E-07,
, 7.7883E-07,
, 7.7825E-07,
, 7.7417E-07,
, 7.7200E-07,
, 7.6975E-07,
, 7.7192E-07,
, 7.6383E-07,
, 7.5700E-07,
, 7.5750E-07,
, 7.5100E-07,
, 7.5150E-07,
, 7.5517E-07,
, 7.5592E-07,
, 7.6467E-07,
, 7.6908E-07,
, 7.6358E-07,
, 7.6908E-07,
, 7.7633E-07,
, 7.6908E-07,
, 7.5092E-07,
, 7.4658E-07,
, 7.4675E-07,
, 7.7283E-07,
, 7.9125E-07,
, 7.8842E-07,
, 7.8183E-07,
, 7.5950E-07,
, 7.5933E-07,
, 7.6300E-07,
, 7.7650E-07,
, 7.8675E-07,
, 7.9633E-07,
, 7.6967E-07,
, 7.4350E-07,
, 7.3825E-07,
, 7.4658E-07,
, 7.4350E-07,
, 7.4950E-07,
, 7.5000E-07,
, 7.5333E-07,
, 7.6467E-07,
, 7.6383E-07,
, 7.6100E-07,
, 7.6200E-07,
, 7.7200E-07,
, 7.6250E-07,
, 7.6167E-07,
, 7.5958E-07,
, 7.6050E-07,
, 7.5983E-07,
, 7.5400E-07,
, 7.5133E-07,
, 7.5483E-07,
, 7.5825E-07,
, 7.6683E-07,
, 7.7100E-07,
, 7.6675E-07,
, 7.7017E-07,
, 7.6883E-07,
, 7.6783E-07,
, 7.6525E-07,
, 7.6392E-07,
, 7.6492E-07,
, 7.7442E-07,
, 7.7975E-07,
, 7.8633E-07,
, 7.8617E-07,
, 7.9633E-07,
, 7.9950E-07,
, 7.9442E-07,
, 7.6542E-07,
, 7.4117E-07,
, 7.2833E-07,
, 7.2883E-07,
, 7.3367E-07,
, 7.3725E-07,
, 7.3525E-07,
, 7.3867E-07,
, 7.4625E-07,
, 7.5100E-07,
, 7.4758E-07,
, 7.4600E-07,
, 7.4100E-07,
, 7.3767E-07,
, 7.3650E-07,
, 7.3517E-07,
, 7.3242E-07,
, 7.3017E-07,
, 7.3117E-07,
, 7.3600E-07,
, 7.3667E-07,
, 7.5008E-07,
, 7.6408E-07,
, 7.6567E-07,
, 7.6058E-07,
, 7.6008E-07,
, 7.6308E-07,
, 7.6025E-07,
, 7.7100E-07,
, 7.7183E-07,
, 7.8067E-07,
, 7.8175E-07,
, 7.7800E-07,
, 7.7725E-07,
, 7.7733E-07,
, 7.6675E-07,
, 7.6233E-07,
, 7.6033E-07,
, 7.6342E-07,
, 7.6350E-07,
, 7.6067E-07,
, 7.6725E-07,
, 7.6708E-07,
, 7.6933E-07,
, 7.7817E-07,
, 7.5808E-07,
, 7.5317E-07,
, 7.5250E-07,
, 7.5225E-07,
, 7.4800E-07,
, 7.4283E-07,
, 7.4400E-07,
, 7.4883E-07,
, 7.5392E-07,
, 7.6583E-07,
, 7.7450E-07,
, 7.6942E-07,
, 7.6608E-07,
, 7.6708E-07,
, 7.6583E-07,
, 7.6625E-07,
, 7.6875E-07,
, 7.6858E-07,
, 7.6533E-07,
, 7.7758E-07,
, 7.8400E-07,
, 7.8550E-07,
, 7.7392E-07,
, 7.7200E-07,
, 7.6867E-07,
, 7.6625E-07,
, 7.6142E-07,
, 7.6342E-07,
, 7.6733E-07,
, 7.7275E-07,
, 7.7717E-07,
, 7.7650E-07,
, 7.7250E-07,
, 7.7333E-07,
, 7.7500E-07,
, 7.8225E-07,
, 7.8467E-07,
, 7.8067E-07,
, 7.8208E-07,
, 7.8317E-07,
, 7.7325E-07,
, 7.7067E-07,
, 7.6933E-07,
, 7.7600E-07,
, 7.7342E-07,
, 7.6525E-07,
, 7.5575E-07,
, 7.4000E-07,
, 7.1867E-07,
, 7.1117E-07,
, 7.1567E-07,
, 7.2317E-07,
, 7.2692E-07,
, 7.1825E-07,
, 7.1258E-07,
, 7.1117E-07,
, 7.1892E-07,
, 7.0317E-07,
, 6.9267E-07,
, 6.9350E-07,
, 6.9600E-07,
, 6.9592E-07,
, 6.9617E-07,
, 6.9592E-07,
, 6.8975E-07,
, 6.8325E-07,
, 6.9950E-07,
, 7.0533E-07,
, 6.9608E-07,
, 7.2125E-07,
, 7.3225E-07,
, 7.1408E-07,
, 7.1608E-07,
, 7.0567E-07,
, 7.0800E-07,
, 7.0817E-07,
, 7.0542E-07,
, 7.1308E-07,
, 6.9958E-07,
, 7.0125E-07,
, 7.1100E-07,
, 7.0875E-07,
, 7.0608E-07,
, 6.8875E-07,
, 6.8417E-07,
, 6.8775E-07,
, 6.9758E-07,
, 7.0425E-07,
, 7.0675E-07,
, 7.0558E-07,
, 7.0725E-07,
, 7.0567E-07,
, 7.0617E-07,
, 7.1817E-07,
, 7.3267E-07,
, 7.2300E-07,
, 7.0950E-07,
, 7.0308E-07,
, 7.0542E-07,
, 6.9408E-07,
, 6.8800E-07,
, 6.8458E-07,
, 6.8017E-07,
, 6.7900E-07,
, 6.8467E-07,
, 6.9500E-07,
, 6.9858E-07,
, 7.0125E-07,
, 6.9792E-07,
, 6.8642E-07,
, 6.7983E-07,
, 6.8958E-07,
, 6.9050E-07,
, 7.0800E-07,
, 7.0775E-07,
, 7.1767E-07,
, 7.2525E-07,
, 7.2608E-07,
, 7.2992E-07,
, 7.2300E-07,
, 7.0917E-07,
, 6.9500E-07,
, 6.8758E-07,
, 6.9625E-07,
, 7.0225E-07,
, 7.0175E-07,
, 7.0983E-07,
, 7.3067E-07,
, 7.3900E-07,
, 7.3442E-07,
, 7.2300E-07,
, 7.1400E-07,
, 7.1933E-07,
, 7.1392E-07,
, 7.1517E-07,
, 7.1900E-07,
, 7.1800E-07,
, 7.1633E-07,
, 7.0383E-07,
, 6.9992E-07,
, 7.0217E-07,
, 7.0942E-07,
, 7.1092E-07,
, 7.1042E-07,
, 7.1267E-07,
, 7.1108E-07,
, 7.0975E-07,
, 7.1200E-07,
, 7.1208E-07,
, 7.1783E-07,
, 7.2425E-07,
, 7.2375E-07,
, 7.2642E-07,
, 7.2483E-07,
, 7.2642E-07,
, 7.2867E-07,
, 7.2533E-07,
, 7.2083E-07,
, 7.1592E-07,
, 7.1092E-07,
, 7.0808E-07,
, 7.1242E-07,
, 7.1025E-07,
, 7.3317E-07,
, 7.2525E-07,
, 7.3308E-07,
, 7.2908E-07,
, 7.3258E-07,
, 7.2000E-07,
, 7.3833E-07,
, 7.4033E-07,
, 7.1342E-07,
, 7.2333E-07,
, 7.1708E-07,
, 7.1642E-07,
, 7.0767E-07,
, 7.0533E-07,
, 7.0175E-07,
, 6.9475E-07,
, 6.9500E-07,
, 7.0200E-07,
, 7.0758E-07,
, 7.1008E-07,
, 7.1067E-07,
, 7.0783E-07,
, 7.0300E-07,
, 7.0475E-07,
, 7.0892E-07,
, 7.1142E-07,
, 7.0733E-07,
, 7.0533E-07,
, 7.0767E-07,
, 7.1242E-07,
, 7.1450E-07,
, 7.1467E-07,
, 7.2783E-07,
, 7.2875E-07,
, 7.2250E-07,
, 7.2308E-07,
, 7.2567E-07,
, 7.2567E-07,
, 7.2458E-07,
, 7.3067E-07,
, 7.2167E-07,
, 7.2300E-07,
, 7.1708E-07,
, 7.1650E-07,
, 7.1717E-07,
, 7.2992E-07,
, 7.4908E-07,
, 7.3108E-07,
, 7.1875E-07,
, 7.1517E-07,
, 7.1958E-07,
, 7.1533E-07,
, 7.1608E-07,
, 7.1925E-07,
, 7.1933E-07,
, 7.1867E-07,
, 7.1383E-07,
, 7.0867E-07,
, 7.0483E-07,
, 7.1475E-07,
, 7.1733E-07,
, 7.1558E-07,
, 7.1892E-07,
, 7.2183E-07,
, 7.2233E-07,
, 7.1542E-07,
, 7.0317E-07,
, 7.0108E-07,
, 7.1075E-07,
, 7.1325E-07,
, 7.1625E-07,
, 7.2042E-07,
, 7.2925E-07,
, 7.3342E-07,
, 7.2983E-07,
, 7.3925E-07,
, 7.4092E-07,
, 7.4017E-07,
, 7.3867E-07,
, 7.2917E-07,
, 7.2533E-07,
, 7.2800E-07,
, 7.3250E-07,
, 7.3158E-07,
, 7.3067E-07,
, 7.3758E-07,
, 7.1983E-07,
, 7.1567E-07,
, 7.0708E-07,
, 7.1125E-07,
, 7.0508E-07,
, 7.0258E-07,
, 7.1308E-07,
, 7.3025E-07,
, 7.3417E-07,
, 7.3867E-07,
, 7.3925E-07,
, 7.3333E-07,
, 7.4775E-07,
, 7.5333E-07,
, 7.2983E-07,
, 7.2517E-07,
, 7.3575E-07,
, 7.4558E-07,
, 7.3175E-07,
, 7.2575E-07,
, 7.4750E-07,
, 7.3383E-07,
, 7.2833E-07,
, 7.2500E-07,
, 7.2533E-07,
, 7.2942E-07,
, 7.2125E-07,
, 7.1492E-07,
, 7.0025E-07,
, 6.9467E-07,
, 6.9700E-07,
, 7.0617E-07,
, 7.1650E-07,
, 7.2058E-07,
, 7.1992E-07,
, 7.1908E-07,
, 7.1683E-07,
, 7.1842E-07,
, 7.2108E-07,
, 7.1950E-07,
, 7.3100E-07,
, 7.3833E-07,
, 7.3925E-07,
, 7.3850E-07,
, 7.3400E-07,
, 7.3117E-07,
, 7.3717E-07,
, 7.4025E-07,
, 7.3608E-07,
, 7.4150E-07,
, 7.4167E-07,
, 7.2883E-07,
, 7.2708E-07,
, 7.3292E-07,
, 7.2900E-07,
, 7.2217E-07,
, 7.1517E-07,
, 7.0358E-07,
, 7.0467E-07,
, 7.1542E-07,
, 7.3083E-07,
, 7.4075E-07,
, 7.4442E-07,
, 7.7033E-07,
, 7.6517E-07,
, 7.6258E-07,
, 7.6117E-07,
, 7.5525E-07,
, 7.5983E-07,
, 7.6000E-07,
, 7.4158E-07,
, 7.3875E-07,
, 7.3625E-07,
, 7.5442E-07,
, 7.5033E-07,
, 7.5058E-07,
, 7.5942E-07,
, 7.5942E-07,
, 7.5267E-07,
, 7.4875E-07,
, 7.6083E-07,
, 7.6408E-07,
, 7.5542E-07,
, 7.6300E-07,
, 7.5700E-07,
, 7.5983E-07,
, 7.7142E-07,
, 7.6367E-07,
, 7.3833E-07,
, 7.1050E-07,
, 6.9667E-07,
, 6.8792E-07,
, 6.8792E-07,
, 6.8558E-07,
, 6.8567E-07,
, 6.8658E-07,
, 6.9167E-07,
, 7.0033E-07,
, 6.9567E-07,
, 6.9992E-07,
, 7.0333E-07,
, 7.0233E-07,
, 6.9917E-07,
, 6.9783E-07,
, 7.0108E-07,
, 7.0008E-07,
, 7.0042E-07,
, 7.0575E-07,
, 7.1183E-07,
, 7.1683E-07,
, 7.1500E-07,
, 7.1550E-07,
, 7.2692E-07,
, 7.5550E-07,
, 7.6633E-07,
, 7.7442E-07,
, 7.7725E-07,
, 7.7650E-07,
, 7.9025E-07,
, 7.8067E-07,
, 7.8008E-07,
, 7.7358E-07,
, 7.7025E-07,
, 7.8375E-07,
, 7.5367E-07,
, 7.5900E-07,
, 7.7250E-07,
, 7.1917E-07,
, 7.0350E-07,
, 7.4583E-07,
, 7.6458E-07,
, 7.6525E-07,
, 7.5858E-07,
, 7.5825E-07,
, 7.5567E-07,
, 7.5442E-07,
, 7.5475E-07,
, 7.3983E-07,
, 7.3942E-07,
, 7.1400E-07,
, 7.2058E-07,
, 7.2725E-07,
, 7.0858E-07,
, 7.0492E-07,
, 7.0767E-07,
, 7.1075E-07,
, 7.1533E-07,
, 7.1833E-07,
, 7.4075E-07,
, 7.5650E-07,
, 7.4483E-07,
, 7.0850E-07,
, 6.9983E-07,
, 7.0458E-07,
, 7.0792E-07,
, 7.1200E-07,
, 7.2483E-07,
, 7.0017E-07,
, 6.7625E-07,
, 7.0567E-07,
, 7.1933E-07,
, 7.0867E-07,
, 6.7900E-07,
, 7.0142E-07,
, 7.4525E-07,
, 7.6500E-07,
, 7.4250E-07,
, 6.9867E-07,
, 6.4450E-07,
, 6.5800E-07,
, 6.5133E-07,
, 6.4733E-07,
, 6.5258E-07,
, 6.5483E-07,
, 6.5483E-07,
, 6.6317E-07,
, 6.7750E-07,
, 6.7842E-07,
, 6.8325E-07,
, 6.8342E-07,
, 6.8433E-07,
, 6.8750E-07,
, 6.9517E-07,
, 6.9850E-07,
, 7.0633E-07,
, 7.0367E-07,
, 6.9450E-07,
, 6.8975E-07,
, 6.9358E-07,
, 7.0458E-07,
, 7.1917E-07,
, 7.1242E-07,
, 7.1525E-07,
, 7.1583E-07,
, 7.0433E-07,
, 7.0675E-07,
, 7.1208E-07,
, 7.0767E-07,
, 7.1142E-07,
, 7.0958E-07,
, 7.1200E-07,
, 7.1158E-07,
, 7.0933E-07,
, 7.0775E-07,
, 7.0467E-07,
, 7.0367E-07,
, 6.9875E-07,
, 6.8792E-07,
, 6.8825E-07,
, 6.8742E-07,
, 6.8900E-07,
, 6.9133E-07,
, 6.9900E-07,
, 7.0158E-07,
, 7.0917E-07,
, 7.0967E-07,
, 7.2083E-07,
, 7.3100E-07,
, 7.3250E-07,
, 7.3333E-07,
, 7.3525E-07,
, 7.3475E-07,
, 7.2467E-07,
, 7.1092E-07,
, 7.0383E-07,
, 7.0000E-07,
, 6.9983E-07,
, 6.9975E-07,
, 7.0167E-07,
, 6.9358E-07,
, 6.9658E-07,
, 6.9625E-07,
, 6.9867E-07,
, 6.9892E-07,
, 7.0617E-07,
, 7.0708E-07,
, 7.0358E-07,
, 7.0958E-07,
, 7.3233E-07,
, 7.3250E-07,
, 7.2075E-07,
, 7.1075E-07,
, 7.0658E-07,
, 7.0675E-07,
, 7.0617E-07,
, 7.0900E-07,
, 7.1025E-07,
, 7.3742E-07,
, 7.5817E-07,
, 7.3492E-07,
, 7.2717E-07,
, 7.1908E-07,
, 7.1733E-07,
, 7.1975E-07,
, 7.1800E-07,
, 7.1542E-07,
, 7.1308E-07,
, 7.0308E-07,
, 6.9508E-07,
, 6.9892E-07,
, 6.9742E-07,
, 6.9825E-07,
, 6.7925E-07,
, 6.8833E-07,
, 7.0658E-07,
, 7.1133E-07,
, 7.1133E-07,
, 7.2992E-07,
, 7.3758E-07,
, 7.4833E-07,
, 7.6725E-07,
, 7.5983E-07,
, 7.5592E-07,
, 7.2858E-07,
, 7.2183E-07,
, 7.1850E-07,
, 7.1317E-07,
, 7.1883E-07,
, 7.4325E-07,
, 7.2008E-07,
, 7.1350E-07,
, 7.1092E-07,
, 7.1700E-07,
, 7.1433E-07,
, 7.1525E-07,
, 7.1292E-07,
, 7.0550E-07,
, 7.1117E-07,
, 7.3883E-07,
, 7.5100E-07,
, 7.5692E-07,
, 7.6250E-07,
, 7.3408E-07,
, 7.2850E-07,
, 7.3442E-07,
, 7.3708E-07,
, 7.4242E-07,
, 7.3142E-07,
, 7.2700E-07,
, 7.1083E-07,
, 7.0192E-07,
, 7.0375E-07,
, 7.1142E-07,
, 7.1483E-07,
, 7.0425E-07,
, 7.1825E-07,
, 7.2567E-07,
, 7.1367E-07,
, 7.1158E-07,
, 7.0933E-07,
, 7.2325E-07,
, 7.3342E-07,
, 7.4042E-07,
, 7.5225E-07,
, 7.5100E-07,
, 7.2875E-07,
, 7.2567E-07,
, 7.1600E-07,
, 7.1908E-07,
, 7.3617E-07,
, 7.2333E-07,
, 7.2750E-07,
, 7.2808E-07,
, 7.2350E-07,
, 7.2292E-07,
, 7.3308E-07,
, 7.4825E-07,
, 7.2983E-07,
, 7.3625E-07,
, 7.4125E-07,
, 7.5225E-07,
, 7.6917E-07,
, 7.5967E-07,
, 7.5675E-07,
, 7.6150E-07,
, 7.7175E-07,
, 7.8300E-07,
, 8.0775E-07,
, 8.1183E-07,
, 8.0008E-07,
, 7.7525E-07,
, 7.6275E-07,
, 7.2133E-07,
, 7.0750E-07,
, 7.0350E-07,
, 7.2942E-07,
, 7.4575E-07,
, 7.6150E-07,
, 7.5950E-07,
, 7.3808E-07,
, 7.2692E-07,
, 7.2050E-07,
, 7.1442E-07,
, 7.4375E-07,
, 7.6542E-07,
, 7.9133E-07,
, 8.0150E-07,
, 8.0425E-07,
, 8.0158E-07,
, 7.9333E-07,
, 7.9175E-07,
, 7.9517E-07,
, 7.9433E-07,
, 8.0367E-07,
, 7.9925E-07,
, 7.7808E-07,
, 7.8858E-07,
, 7.8717E-07,
, 7.9908E-07,
, 7.9733E-07,
, 7.9292E-07,
, 7.9333E-07,
, 7.9275E-07,
, 7.9808E-07,
, 7.9867E-07,
, 8.0017E-07,
, 7.9925E-07,
, 7.9925E-07,
, 7.9575E-07,
, 7.9517E-07,
, 7.9000E-07,
, 7.8683E-07,
, 7.8725E-07,
, 7.8542E-07,
, 7.8475E-07,
, 7.7967E-07,
, 7.7067E-07,
, 7.4750E-07,
, 7.2883E-07,
, 7.3558E-07,
, 7.3167E-07,
, 7.4508E-07,
, 7.5075E-07,
, 7.5825E-07,
, 7.6617E-07,
, 7.7092E-07,
, 7.6925E-07,
, 7.8117E-07,
, 7.9050E-07,
, 7.8542E-07,
, 7.7708E-07,
, 7.7117E-07,
, 7.6975E-07,
, 7.6950E-07,
, 7.7117E-07,
, 7.7317E-07,
, 7.7500E-07,
, 7.7183E-07,
, 7.6892E-07,
, 7.6342E-07,
, 7.6117E-07,
, 7.6667E-07,
, 7.7125E-07,
, 7.7333E-07,
, 7.7017E-07,
, 7.6900E-07,
, 7.6958E-07,
, 7.7050E-07,
, 7.7058E-07,
, 7.7033E-07,
, 7.7383E-07,
, 7.7508E-07,
, 7.7833E-07,
, 7.7783E-07,
, 7.7483E-07,
, 7.7350E-07,
, 7.7308E-07,
, 7.7225E-07,
, 7.7233E-07,
, 7.7300E-07,
, 7.7483E-07,
, 7.8117E-07,
, 7.8275E-07,
, 7.8125E-07,
, 7.7442E-07,
, 7.7225E-07,
, 7.7508E-07,
, 7.8725E-07,
, 7.9292E-07,
, 7.9675E-07,
, 7.9167E-07,
, 7.8767E-07,
, 7.8925E-07,
, 7.9025E-07,
, 7.8950E-07,
, 7.8808E-07,
, 7.8975E-07,
, 7.9350E-07,
, 7.8825E-07,
, 7.9008E-07,
, 7.9375E-07,
, 7.9358E-07,
, 7.8317E-07,
, 7.7558E-07,
, 7.7242E-07,
, 7.7617E-07,
, 7.8550E-07,
, 7.8933E-07,
, 7.8150E-07,
, 7.6692E-07,
, 7.5708E-07,
, 7.5500E-07,
, 7.5342E-07,
, 7.5533E-07,
, 7.6675E-07,
, 7.7500E-07,
, 7.7642E-07,
, 7.7692E-07,
, 7.7575E-07,
, 7.7200E-07,
, 7.6517E-07,
, 7.5950E-07,
, 7.5925E-07,
, 7.6625E-07,
, 7.6583E-07,
, 7.6125E-07,
, 7.5625E-07,
, 7.5408E-07,
, 7.5342E-07,
, 7.5433E-07,
, 7.6725E-07,
, 7.6508E-07,
, 7.6983E-07,
, 7.7400E-07,
, 7.6325E-07,
, 7.6408E-07,
, 7.6625E-07,
, 7.6392E-07,
, 7.6858E-07,
, 7.7058E-07,
, 7.7533E-07,
, 7.6375E-07,
, 7.5725E-07,
, 7.6275E-07,
, 7.7108E-07,
, 7.7500E-07,
, 7.8125E-07,
, 7.6750E-07,
, 7.5725E-07,
, 7.6342E-07,
, 7.7608E-07,
, 7.6550E-07,
, 7.6383E-07,
, 7.7617E-07,
, 7.8267E-07,
, 7.8225E-07,
, 7.6383E-07,
, 7.7108E-07,
, 7.9200E-07,
, 7.8825E-07,
, 7.7242E-07,
, 7.7592E-07,
, 7.7392E-07,
, 7.7533E-07,
, 7.6100E-07,
, 7.5508E-07,
, 7.6225E-07,
, 7.6067E-07,
, 7.6225E-07,
, 7.6875E-07,
, 7.7358E-07,
, 7.8108E-07,
, 7.6917E-07,
, 7.6942E-07,
, 7.5558E-07,
, 7.4917E-07,
, 7.4550E-07,
, 7.4275E-07,
, 7.4725E-07,
, 7.6017E-07,
, 7.7075E-07,
, 7.8600E-07,
, 7.8133E-07,
, 7.8742E-07,
, 7.9442E-07,
, 7.8983E-07,
, 7.7525E-07,
, 7.6258E-07,
, 7.6458E-07,
, 7.7033E-07,
, 7.7275E-07,
, 7.7008E-07,
, 7.5617E-07,
, 7.5825E-07,
, 7.7225E-07,
, 7.7983E-07,
, 7.8017E-07,
, 7.7617E-07,
, 7.5742E-07,
, 7.4450E-07,
, 7.5150E-07,
, 7.6775E-07,
, 7.5517E-07,
, 7.4592E-07,
, 7.3483E-07,
, 7.3117E-07,
, 7.2533E-07,
, 7.2333E-07,
, 7.2700E-07,
, 7.3400E-07,
, 7.4050E-07,
, 7.3133E-07,
, 7.3075E-07,
, 7.3983E-07,
, 7.5233E-07,
, 7.6158E-07,
, 7.4550E-07,
, 7.5917E-07,
, 7.6633E-07,
, 7.6092E-07,
, 7.2908E-07,
, 7.0792E-07,
, 6.9725E-07,
, 7.2850E-07,
, 7.3667E-07,
, 7.2683E-07,
, 7.1125E-07,
, 7.0917E-07,
, 7.2575E-07,
, 7.2642E-07,
, 7.3000E-07,
, 7.3425E-07,
, 7.4033E-07,
, 7.4692E-07,
, 7.4675E-07,
, 7.4392E-07,
, 7.4575E-07,
, 7.4067E-07,
, 7.3833E-07,
, 7.3817E-07,
, 7.4700E-07,
, 7.6800E-07,
, 7.8417E-07,
, 7.7942E-07,
, 7.5500E-07,
, 7.4342E-07,
, 7.3508E-07,
, 7.3192E-07,
, 7.3717E-07,
, 7.3258E-07,
, 7.3617E-07,
, 7.4200E-07,
, 7.4292E-07,
, 7.3300E-07,
, 7.3475E-07,
, 7.3417E-07,
, 7.4033E-07,
, 7.5417E-07,
, 7.5300E-07,
, 7.4550E-07,
, 7.4233E-07,
, 7.4908E-07,
, 7.4817E-07,
, 7.4442E-07,
, 7.4467E-07,
, 7.4233E-07,
, 7.4475E-07,
, 7.5417E-07,
, 7.5833E-07,
, 7.6050E-07,
, 7.6342E-07,
, 7.7117E-07,
, 7.7008E-07,
, 7.6908E-07,
, 7.7150E-07,
, 7.6850E-07,
, 7.6775E-07,
, 7.6625E-07,
, 7.6475E-07,
, 7.6675E-07,
, 7.6808E-07,
, 7.6933E-07,
, 7.6767E-07,
, 7.7017E-07,
, 7.6842E-07,
, 7.7050E-07,
, 7.7208E-07,
, 7.6458E-07,
, 7.5300E-07,
, 7.4833E-07,
, 7.5450E-07,
, 7.5625E-07,
, 7.5350E-07,
, 7.5208E-07,
, 7.4550E-07,
, 7.4625E-07,
, 7.4817E-07,
, 7.4200E-07,
, 7.4867E-07,
, 7.5075E-07,
, 7.5725E-07,
, 7.5950E-07,
, 7.6450E-07,
, 7.5375E-07,
, 7.5642E-07,
, 7.7692E-07,
, 7.6592E-07,
, 7.5275E-07,
, 7.4608E-07,
, 7.5342E-07,
, 7.6025E-07,
, 7.6675E-07,
, 7.7800E-07,
, 7.7483E-07,
, 7.8933E-07,
, 7.8117E-07,
, 7.6183E-07,
, 7.7408E-07,
, 7.7333E-07,
, 7.7133E-07,
, 7.5608E-07,
, 7.5500E-07,
, 7.5375E-07,
, 7.5292E-07,
, 7.3267E-07,
, 7.3408E-07,
, 7.3275E-07,
, 7.5075E-07,
, 7.5817E-07,
, 7.6350E-07,
, 7.7692E-07,
, 7.8692E-07,
, 7.9617E-07,
, 7.9575E-07,
, 7.8975E-07,
, 7.7917E-07,
, 7.9042E-07,
, 7.9708E-07,
, 7.9275E-07,
, 7.9467E-07,
, 7.9650E-07,
, 7.9983E-07,
, 7.9750E-07,
, 7.9300E-07,
, 7.8767E-07,
, 7.8967E-07,
, 7.8992E-07,
, 7.8950E-07,
, 7.8658E-07,
, 7.7492E-07,
, 7.6833E-07,
, 7.7200E-07,
, 7.6533E-07,
, 7.5475E-07,
, 7.5292E-07,
, 7.5408E-07,
, 7.6908E-07,
, 7.7925E-07,
, 7.8850E-07,
, 7.6833E-07,
, 7.7400E-07,
, 7.8175E-07,
, 7.6842E-07,
, 7.5200E-07,
, 7.6108E-07,
, 7.7267E-07,
, 7.8775E-07,
, 7.7333E-07,
, 7.5408E-07,
, 7.4933E-07,
, 7.7092E-07,
, 7.5658E-07,
, 7.5525E-07,
, 7.6867E-07,
, 7.4450E-07,
, 7.5167E-07,
, 7.3500E-07,
, 7.1658E-07,
, 7.1258E-07,
, 7.4383E-07,
, 7.4083E-07,
, 7.3533E-07,
, 7.3350E-07,
, 7.4342E-07,
, 7.5075E-07,
, 7.4483E-07,
, 7.4683E-07,
, 7.4325E-07,
, 7.4733E-07,
, 7.5117E-07,
, 7.6183E-07,
, 7.7000E-07,
, 7.7667E-07,
, 7.7700E-07,
, 7.8000E-07,
, 7.8425E-07,
, 7.5683E-07,
, 7.3858E-07,
, 7.3167E-07,
, 7.5308E-07,
, 7.5825E-07,
, 7.5083E-07,
, 7.2433E-07,
, 7.1458E-07,
, 7.2092E-07,
, 7.2667E-07,
, 7.3958E-07,
, 7.4817E-07,
, 7.6183E-07,
, 7.7783E-07,
, 7.8175E-07,
, 7.8525E-07,
, 7.8400E-07,
, 7.7683E-07,
, 7.7658E-07,
, 7.7567E-07,
, 7.7892E-07,
, 7.8983E-07,
, 7.9225E-07,
, 7.9667E-07,
, 8.0067E-07,
, 8.0958E-07,
, 8.1025E-07,
, 8.0642E-07,
, 8.0517E-07,
, 7.9467E-07,
, 7.9258E-07,
, 7.9483E-07,
, 7.8758E-07,
, 7.7717E-07,
, 7.7525E-07,
, 7.7700E-07,
, 7.7367E-07,
, 7.7742E-07,
, 7.7683E-07,
, 7.7658E-07,
, 7.8108E-07,
, 7.8350E-07,
, 7.7975E-07,
, 7.7750E-07,
, 7.8175E-07,
, 7.8758E-07,
, 7.9208E-07,
, 7.8150E-07,
, 7.7283E-07,
, 7.6975E-07,
, 7.7958E-07,
, 7.9350E-07,
, 7.9992E-07,
, 7.7817E-07,
, 7.7825E-07,
, 7.8542E-07,
, 7.5083E-07,
, 7.3850E-07,
, 7.4242E-07,
, 7.5900E-07,
, 7.6608E-07,
, 7.6500E-07,
, 7.6183E-07,
, 7.5325E-07,
, 7.4392E-07,
, 7.4425E-07,
, 7.5150E-07,
, 7.5633E-07,
, 7.5058E-07,
, 7.4850E-07,
, 7.5133E-07,
, 7.5700E-07,
, 7.5917E-07,
, 7.6508E-07,
, 7.7675E-07,
, 7.7483E-07,
, 7.7750E-07,
, 7.7242E-07,
, 7.5967E-07,
, 7.5517E-07,
, 7.5500E-07,
, 7.4033E-07,
, 7.5258E-07,
, 7.4408E-07,
, 7.2100E-07,
, 7.0875E-07,
, 7.0142E-07,
, 7.0217E-07,
, 7.0500E-07,
, 7.2625E-07,
, 7.3617E-07,
, 7.4158E-07,
, 7.2550E-07,
, 7.1567E-07,
, 7.1833E-07,
, 7.2133E-07,
, 7.2675E-07,
, 7.3042E-07,
, 7.2775E-07,
, 7.3667E-07,
, 7.4467E-07,
, 7.4733E-07,
, 7.3467E-07,
, 7.2642E-07,
, 7.2375E-07,
, 7.2342E-07,
, 7.1175E-07,
, 7.1933E-07,
, 7.2042E-07,
, 7.2075E-07,
, 7.2925E-07,
, 7.3883E-07,
, 7.3692E-07,
, 7.5217E-07,
, 7.6508E-07,
, 7.6125E-07,
, 7.6667E-07,
, 7.6725E-07,
, 7.3933E-07,
, 7.2825E-07,
, 7.3250E-07,
, 7.4992E-07,
, 7.7050E-07,
, 7.7258E-07,
, 7.7708E-07,
, 7.8308E-07,
, 7.4000E-07,
, 7.2050E-07,
, 7.2142E-07,
, 7.5050E-07,
, 7.6033E-07,
, 7.3867E-07,
, 7.3683E-07,
, 7.4208E-07,
, 7.4558E-07,
, 7.4167E-07,
, 7.3292E-07,
, 7.4083E-07,
, 7.7350E-07,
, 7.9025E-07,
, 7.8633E-07,
, 7.8833E-07,
, 7.9233E-07,
, 7.9208E-07,
, 7.8342E-07,
, 7.8267E-07,
, 7.6542E-07,
, 7.7308E-07,
, 7.7767E-07,
, 7.7583E-07,
, 7.8325E-07,
, 7.7283E-07,
, 7.5742E-07,
, 7.7692E-07,
, 7.2792E-07,
, 6.9033E-07,
, 6.9475E-07,
, 6.8958E-07,
, 6.6383E-07,
, 6.5775E-07,
, 6.6908E-07,
, 6.7550E-07,
, 6.7633E-07,
, 6.8925E-07,
, 7.4625E-07,
, 7.2967E-07,
, 7.0317E-07,
, 6.8358E-07,
, 6.7283E-07,
, 6.6892E-07,
, 6.8417E-07,
, 6.8575E-07,
, 6.8817E-07,
, 6.8892E-07,
, 6.7950E-07,
, 6.7383E-07,
, 6.6483E-07,
, 6.6400E-07,
, 6.6767E-07,
, 6.7383E-07,
, 6.8700E-07,
, 6.9600E-07,
, 7.0208E-07,
, 6.9908E-07,
, 6.9733E-07,
, 6.9833E-07,
, 7.0833E-07,
, 7.1858E-07,
, 7.3233E-07,
, 7.2925E-07,
, 7.1975E-07,
, 7.1208E-07,
, 7.1008E-07,
, 7.0592E-07,
, 7.0400E-07,
, 6.8833E-07,
, 6.9133E-07,
, 7.0425E-07,
, 7.0917E-07,
, 7.2767E-07,
, 7.4000E-07,
, 7.5692E-07,
, 7.6875E-07,
, 7.3567E-07,
, 7.6775E-07,
, 7.4800E-07,
, 7.1775E-07,
, 7.0933E-07,
, 7.1767E-07,
, 7.2842E-07,
, 7.1917E-07,
, 6.9950E-07,
, 6.7975E-07,
, 6.6292E-07,
, 6.6125E-07,
, 6.6150E-07,
, 6.5133E-07,
, 6.6058E-07,
, 6.3650E-07,
, 6.3050E-07,
, 6.3758E-07,
, 6.7617E-07,
, 6.9225E-07,
, 6.8500E-07,
, 6.7300E-07,
, 6.7083E-07,
, 6.6175E-07,
, 6.6550E-07,
, 6.8925E-07,
, 6.8392E-07,
, 6.7967E-07,
, 6.7708E-07,
, 6.7942E-07,
, 6.8325E-07,
, 6.9033E-07,
, 6.9033E-07,
, 7.0133E-07,
, 7.0850E-07,
, 7.1200E-07,
, 6.9875E-07,
, 7.0117E-07,
, 6.9700E-07,
, 6.9067E-07,
, 6.9533E-07,
, 7.0533E-07,
, 7.2858E-07,
, 7.2258E-07,
, 7.2442E-07,
, 7.0717E-07,
, 7.5383E-07,
, 7.7792E-07,
, 7.3558E-07,
, 7.1758E-07,
, 7.3725E-07,
, 7.6325E-07,
, 8.0767E-07,
, 7.9767E-07,
, 7.6017E-07,
, 7.4917E-07,
, 7.4233E-07,
, 7.4017E-07,
, 7.1892E-07,
, 7.0325E-07,
, 7.0742E-07,
, 7.1108E-07,
, 7.7742E-07,
, 8.0100E-07,
, 7.9633E-07,
, 8.0192E-07,
, 7.8375E-07,
, 7.7075E-07,
, 7.6625E-07,
, 7.1725E-07,
, 7.0233E-07,
, 7.0900E-07,
, 7.0608E-07,
, 7.0125E-07,
, 7.2650E-07,
, 7.4642E-07,
, 7.6900E-07,
, 7.6133E-07,
, 7.7592E-07,
, 7.6467E-07,
, 7.5942E-07,
, 7.5392E-07,
, 7.5867E-07,
, 7.6383E-07,
, 7.8333E-07,
, 7.8800E-07,
, 7.6608E-07,
, 7.7483E-07,
, 7.7258E-07,
, 7.7092E-07,
, 7.8275E-07,
, 7.7958E-07,
, 7.7625E-07,
, 7.7783E-07,
, 7.3292E-07,
, 7.0550E-07,
, 6.9733E-07,
, 6.9275E-07,
, 6.8850E-07,
, 6.8842E-07,
, 6.9592E-07,
, 7.0175E-07,
, 7.1575E-07,
, 7.6167E-07,
, 7.7692E-07,
, 7.5825E-07,
, 7.6667E-07,
, 7.8417E-07,
, 7.8408E-07,
, 7.5592E-07,
, 7.3958E-07,
, 7.3692E-07,
, 7.4133E-07,
, 7.3433E-07,
, 7.2992E-07,
, 7.1992E-07,
, 7.1542E-07,
, 7.2792E-07,
, 7.9017E-07,
, 7.9483E-07,
, 7.6183E-07,
, 7.3792E-07,
, 7.0492E-07,
, 6.8558E-07,
, 6.8617E-07,
, 6.9000E-07,
, 6.8267E-07,
, 6.7892E-07,
, 6.8167E-07,
, 6.8692E-07,
, 6.8692E-07,
, 6.8650E-07,
, 6.9392E-07,
, 7.0142E-07,
, 7.1150E-07,
, 7.0158E-07,
, 6.9608E-07,
, 6.9750E-07,
, 6.9725E-07,
, 7.1125E-07,
, 7.3442E-07,
, 7.5050E-07,
, 7.5700E-07,
, 7.3842E-07,
, 7.1742E-07,
, 7.2008E-07,
, 7.4575E-07,
, 7.4175E-07,
, 7.3992E-07,
, 7.4742E-07,
, 7.5842E-07,
, 7.7750E-07,
, 7.8917E-07,
, 7.8092E-07,
, 7.7800E-07,
, 7.7058E-07,
, 7.7758E-07,
, 7.9367E-07,
, 7.8367E-07,
, 7.6925E-07,
, 7.6208E-07,
, 7.6125E-07,
, 7.6725E-07,
, 7.6883E-07,
, 7.8817E-07,
, 8.0942E-07,
, 8.2008E-07,
, 8.2675E-07,
, 8.2175E-07,
, 8.1150E-07,
, 8.0950E-07,
, 8.0475E-07,
, 8.0075E-07,
, 7.9750E-07,
, 8.0042E-07,
, 8.0000E-07,
, 8.0592E-07,
, 8.0617E-07,
, 8.0525E-07,
, 8.0233E-07,
, 8.0308E-07,
, 7.9908E-07,
, 7.8833E-07,
, 7.8875E-07,
, 7.9175E-07,
, 7.9175E-07,
, 7.8333E-07,
, 7.8025E-07,
, 7.8450E-07,
, 7.7925E-07,
, 7.7958E-07,
, 7.8942E-07,
, 7.9383E-07,
, 7.9817E-07,
, 8.0025E-07,
, 7.9508E-07,
, 7.9100E-07,
, 7.9075E-07,
, 7.9558E-07,
, 7.9700E-07,
, 8.0042E-07,
, 8.0258E-07,
, 7.8858E-07,
, 7.8583E-07,
, 7.8667E-07,
, 7.8567E-07,
, 7.9017E-07,
, 7.9508E-07,
, 7.7475E-07,
, 7.6342E-07,
, 7.6025E-07,
, 7.6425E-07,
, 7.6092E-07,
, 7.5417E-07,
, 7.4200E-07,
, 7.4575E-07,
, 7.5750E-07,
, 7.7458E-07,
, 7.7900E-07,
, 7.5258E-07,
, 7.3825E-07,
, 7.4483E-07,
, 7.4783E-07,
, 7.5642E-07,
, 7.4725E-07,
, 7.3583E-07,
, 7.3325E-07,
, 7.2275E-07,
, 7.2783E-07,
, 7.4075E-07,
, 7.4833E-07,
, 7.5200E-07,
, 7.5117E-07,
, 7.6733E-07,
, 7.5225E-07,
, 7.3008E-07,
, 7.2458E-07,
, 7.2975E-07,
, 7.7042E-07,
, 7.9092E-07,
, 7.8158E-07,
, 7.6100E-07,
, 7.6983E-07,
, 7.6008E-07,
, 7.7083E-07,
, 7.9275E-07,
, 8.0642E-07,
, 8.1767E-07,
, 8.1800E-07,
, 8.0850E-07,
, 8.0125E-07,
, 8.0900E-07,
, 8.1117E-07,
, 8.0258E-07,
, 7.9625E-07,
, 8.0083E-07,
, 7.9750E-07,
, 7.8583E-07,
, 7.8758E-07,
, 7.9983E-07,
, 8.0725E-07,
, 8.0325E-07,
, 7.9875E-07,
, 7.9758E-07,
, 8.0408E-07,
, 8.0217E-07,
, 7.9642E-07,
, 7.9200E-07,
, 7.9358E-07,
, 7.9133E-07,
, 7.9525E-07,
, 8.0208E-07,
, 8.0175E-07,
, 8.0150E-07,
, 7.8517E-07,
, 7.8467E-07,
, 7.8825E-07,
, 7.8658E-07,
, 7.7408E-07,
, 7.8858E-07,
, 7.9833E-07,
, 8.0317E-07,
, 8.0142E-07,
, 8.0317E-07,
, 8.0833E-07,
, 8.1142E-07,
, 8.1217E-07,
, 8.0950E-07,
, 8.0717E-07,
, 8.0375E-07,
, 7.9725E-07,
, 7.9392E-07,
, 7.9858E-07,
, 7.9392E-07,
, 7.9058E-07,
, 7.6075E-07,
, 7.4642E-07,
, 7.6258E-07,
, 7.8792E-07,
, 8.1333E-07,
, 8.2167E-07,
, 8.1425E-07,
, 8.1408E-07,
, 8.1267E-07,
, 8.0375E-07,
, 7.8917E-07,
, 7.7108E-07,
, 7.5458E-07,
, 7.3933E-07,
, 7.2392E-07,
, 7.2042E-07,
, 7.2517E-07,
, 7.5208E-07,
, 7.5892E-07,
, 7.4708E-07,
, 7.4125E-07,
, 7.5475E-07,
, 7.6700E-07,
, 7.7592E-07,
, 7.8100E-07,
, 7.9017E-07,
, 7.9033E-07,
, 7.8667E-07,
, 7.5625E-07,
, 7.3950E-07,
, 7.4575E-07,
, 7.6100E-07,
, 7.4050E-07,
, 7.2692E-07,
, 7.3533E-07,
, 7.3150E-07,
, 7.3433E-07,
, 7.3400E-07,
, 7.3700E-07,
, 7.3300E-07,
, 7.2542E-07,
, 7.3183E-07,
, 7.4142E-07,
, 7.5100E-07,
, 7.5850E-07,
, 7.7483E-07,
, 7.7333E-07,
, 7.5950E-07,
, 7.7167E-07,
, 7.8208E-07,
, 7.7650E-07,
, 7.7908E-07,
, 7.5542E-07,
, 7.3958E-07,
, 7.4858E-07,
, 7.4458E-07,
, 7.7100E-07,
, 7.8517E-07,
, 7.6075E-07,
, 7.5650E-07,
, 7.6883E-07,
, 7.7308E-07,
, 7.6208E-07,
, 7.4858E-07,
, 7.4108E-07,
, 7.3900E-07,
, 7.5275E-07,
, 7.4833E-07,
, 7.3308E-07,
, 7.3900E-07,
, 7.3492E-07,
, 7.3175E-07,
, 7.3450E-07,
, 7.4825E-07,
, 7.6350E-07,
, 7.5800E-07,
, 7.7508E-07,
, 7.6783E-07,
, 7.5950E-07,
, 7.4450E-07,
, 7.2892E-07,
, 7.2033E-07,
, 7.0875E-07,
, 7.0400E-07,
, 7.0950E-07,
, 7.3225E-07,
, 7.5225E-07,
, 7.4175E-07,
, 7.6467E-07,
, 7.7783E-07,
, 7.8508E-07,
, 7.9450E-07,
, 7.5892E-07,
, 7.4167E-07,
, 7.4317E-07,
, 7.4475E-07,
, 7.4708E-07,
, 7.5108E-07,
, 7.5800E-07,
, 7.7908E-07,
, 7.5392E-07,
, 7.3642E-07,
, 7.3858E-07,
, 7.5067E-07,
, 7.8067E-07,
, 8.0017E-07,
, 7.9917E-07,
, 7.9000E-07,
, 7.9217E-07,
, 7.7858E-07,
, 7.6600E-07,
, 7.6075E-07,
, 7.5267E-07,
, 7.4575E-07,
, 7.4550E-07,
, 7.2558E-07,
, 7.1617E-07,
, 7.2233E-07,
, 7.3508E-07,
, 7.4725E-07,
, 7.5625E-07,
, 7.6400E-07,
, 7.5442E-07,
, 7.5850E-07,
, 7.8808E-07,
, 7.7267E-07,
, 7.4825E-07,
, 7.6933E-07,
, 7.7858E-07,
, 7.6150E-07,
, 7.6017E-07,
, 7.3775E-07,
, 7.2225E-07,
, 7.4467E-07,
, 7.5200E-07,
, 7.8283E-07,
, 7.8092E-07,
, 7.5650E-07,
, 7.4417E-07,
, 7.3750E-07,
, 7.1617E-07,
, 7.0992E-07,
, 7.0700E-07,
, 6.9825E-07,
, 7.0325E-07,
, 7.1492E-07,
, 7.2333E-07,
, 7.2850E-07,
, 7.4583E-07,
, 7.6592E-07,
, 7.5317E-07,
, 7.3575E-07,
, 7.4033E-07,
, 7.5350E-07,
, 7.5425E-07,
, 7.4733E-07,
, 7.4958E-07,
, 7.5533E-07,
, 7.7092E-07,
, 7.7625E-07,
, 7.7933E-07,
, 7.9017E-07,
, 7.9358E-07,
, 8.0617E-07,
, 8.1267E-07,
, 8.1633E-07,
, 8.1092E-07,
, 8.0233E-07,
, 7.9025E-07,
, 7.8383E-07,
, 7.6983E-07,
, 7.9342E-07,
, 8.1650E-07,
, 8.1708E-07,
, 8.0292E-07,
, 7.6383E-07,
, 7.3975E-07,
, 7.3592E-07,
, 7.3017E-07,
, 7.2258E-07,
, 7.1958E-07,
, 7.3425E-07,
, 7.3042E-07,
, 7.2375E-07,
, 6.9400E-07,
, 6.8525E-07,
, 6.8508E-07,
, 6.8525E-07,
, 6.9983E-07,
, 6.9908E-07,
, 6.9517E-07,
, 7.1400E-07,
, 6.8958E-07,
, 5.6958E-07,
, 5.5425E-07,
, 5.8325E-07,
, 6.1525E-07,
, 6.2892E-07,
, 6.3467E-07,
, 6.2017E-07,
, 6.1825E-07,
, 6.2683E-07,
, 6.3192E-07,
, 6.3758E-07,
, 6.4075E-07,
, 6.4033E-07,
, 6.4033E-07,
, 6.4558E-07,
, 6.4892E-07,
, 6.4533E-07,
, 6.4142E-07,
, 6.3458E-07,
, 6.3108E-07,
, 6.2508E-07,
, 6.2950E-07,
, 6.2367E-07,
, 6.3233E-07,
, 6.4525E-07,
, 6.4992E-07,
, 6.4625E-07,
, 6.4558E-07,
, 6.4825E-07,
, 6.4942E-07,
, 6.3833E-07,
, 6.3483E-07,
, 6.4775E-07,
, 6.5167E-07,
, 6.6017E-07,
, 6.5833E-07,
, 6.5675E-07,
, 6.5117E-07,
, 6.3083E-07,
, 6.2533E-07,
, 6.2800E-07,
, 6.3467E-07,
, 6.4142E-07,
, 6.4308E-07,
, 6.4283E-07,
, 6.4233E-07,
, 6.4267E-07,
, 6.4617E-07,
, 6.4917E-07,
, 6.5058E-07,
, 6.5192E-07,
, 6.5367E-07,
, 6.5300E-07,
, 6.5267E-07,
, 6.5342E-07,
, 6.5225E-07,
, 6.5142E-07,
, 6.4925E-07,
, 6.5317E-07,
, 6.4917E-07,
, 6.4892E-07,
, 6.4733E-07,
, 6.4842E-07,
, 6.4817E-07,
, 6.5383E-07,
, 6.5575E-07,
, 6.5233E-07,
, 6.5292E-07,
, 6.5250E-07,
, 6.5275E-07,
, 6.5367E-07,
, 6.5517E-07,
, 6.5683E-07,
, 6.5592E-07,
, 6.5467E-07,
, 6.5608E-07,
, 6.5708E-07,
, 6.5758E-07,
, 6.5958E-07,
, 6.6242E-07,
, 6.6475E-07,
, 6.6633E-07,
, 6.6725E-07,
, 6.6892E-07,
, 6.6933E-07,
, 6.6850E-07,
, 6.7008E-07,
, 6.7175E-07,
, 6.7175E-07,
, 6.7000E-07,
, 6.7225E-07,
, 6.7100E-07,
, 6.7158E-07,
, 6.7275E-07,
, 6.6983E-07,
, 6.6775E-07,
, 6.6575E-07,
, 6.6758E-07,
, 6.7192E-07,
, 6.7742E-07,
, 6.7800E-07,
, 6.7208E-07,
, 6.7217E-07,
, 6.7492E-07,
, 6.7242E-07,
, 6.7400E-07,
, 6.7567E-07,
, 6.7533E-07,
, 6.7100E-07,
, 6.7008E-07,
, 6.7075E-07,
, 6.7542E-07,
, 6.8183E-07,
, 6.7900E-07,
, 6.7817E-07,
, 6.7408E-07,
, 6.7325E-07,
, 6.7133E-07,
, 6.7042E-07,
, 6.7200E-07,
, 6.7292E-07,
, 6.7600E-07,
, 6.7750E-07,
, 6.8375E-07,
, 6.8300E-07,
, 6.7258E-07,
, 6.7292E-07,
, 6.7667E-07,
, 6.7308E-07,
, 6.7200E-07,
, 6.7050E-07,
, 6.6692E-07,
, 6.6542E-07,
, 6.6692E-07,
, 6.6583E-07,
, 6.6617E-07,
, 6.6933E-07,
, 6.7100E-07,
, 6.6900E-07,
, 6.6858E-07,
, 6.7208E-07,
, 6.7200E-07,
, 6.7150E-07,
, 6.7550E-07,
, 6.7608E-07,
, 6.7700E-07,
, 6.7533E-07,
, 6.7700E-07,
, 6.7683E-07,
, 6.7717E-07,
, 6.7933E-07,
, 6.8433E-07,
, 6.8133E-07,
, 6.7917E-07,
, 6.7992E-07,
, 6.7808E-07,
, 6.7750E-07,
, 6.7700E-07,
, 6.7825E-07,
, 6.7892E-07,
, 6.8400E-07,
, 6.8533E-07,
, 6.8800E-07,
, 6.9117E-07,
, 6.8642E-07,
, 6.8808E-07,
, 6.8483E-07,
, 6.8317E-07,
, 6.8042E-07,
, 6.8400E-07,
, 6.8750E-07,
, 6.9158E-07,
, 6.7775E-07,
, 6.7808E-07,
, 6.7233E-07,
, 6.7350E-07,
, 6.7592E-07,
, 6.7900E-07,
, 6.7900E-07,
, 6.8283E-07,
, 6.8200E-07,
, 6.8717E-07,
, 6.8733E-07,
, 6.8542E-07,
, 6.8683E-07,
, 6.8892E-07,
, 6.8783E-07,
, 6.9067E-07,
, 6.9608E-07,
, 7.0733E-07,
, 7.2458E-07,
, 7.2050E-07,
, 7.1650E-07,
, 7.0392E-07,
, 7.0333E-07,
, 7.1417E-07,
, 7.2117E-07,
, 7.2417E-07,
, 7.7158E-07,
, 8.2417E-07,
, 8.4850E-07,
, 8.4017E-07,
, 8.1767E-07,
, 7.7508E-07,
, 7.7725E-07,
, 7.7742E-07,
, 8.1983E-07,
, 8.2892E-07,
, 8.3983E-07,
, 8.4592E-07,
, 8.4975E-07,
, 8.3917E-07,
, 8.4792E-07,
, 8.4842E-07,
, 8.1583E-07,
, 8.0783E-07,
, 8.0892E-07,
, 8.0792E-07,
, 7.9567E-07,
, 7.7283E-07,
, 7.8642E-07,
, 8.0092E-07,
, 7.9325E-07,
, 7.9958E-07,
, 7.8867E-07,
, 7.9383E-07,
, 7.8300E-07,
, 7.5533E-07,
, 7.3642E-07,
, 7.3492E-07,
, 7.2592E-07,
, 7.1033E-07,
, 7.1525E-07,
, 7.4283E-07,
, 7.4733E-07,
, 7.4300E-07,
, 7.4158E-07,
, 7.4900E-07,
, 7.6333E-07,
, 7.7475E-07,
, 7.7433E-07,
, 7.7167E-07,
, 7.5292E-07,
, 7.6250E-07,
, 7.6117E-07,
, 7.5983E-07,
, 7.6867E-07,
, 7.7042E-07,
, 7.7983E-07,
, 7.9517E-07,
, 7.9033E-07,
, 7.8783E-07,
, 7.7367E-07,
, 7.4733E-07,
, 7.2917E-07,
, 7.2058E-07,
, 7.0467E-07,
, 7.0367E-07,
, 6.9067E-07,
, 6.8458E-07,
, 6.8650E-07,
, 6.9550E-07,
, 7.0042E-07,
, 7.0533E-07,
, 7.2033E-07,
, 7.4475E-07,
, 7.3767E-07,
, 7.7025E-07,
, 8.1575E-07,
, 8.1875E-07,
, 8.1550E-07,
, 7.8917E-07,
, 7.8733E-07,
, 7.7150E-07,
, 7.6475E-07,
, 7.6283E-07,
, 7.6283E-07,
, 7.5208E-07,
, 7.5083E-07,
, 7.7075E-07,
, 7.5900E-07,
, 7.3883E-07,
, 7.2958E-07,
, 7.2942E-07,
, 7.3775E-07,
, 7.4417E-07,
, 7.3942E-07,
, 7.3417E-07,
, 7.3783E-07,
, 7.2492E-07,
, 7.2233E-07,
, 7.1767E-07,
, 7.1467E-07,
, 7.1458E-07,
, 7.1608E-07,
, 7.1425E-07,
, 7.1575E-07,
, 7.3917E-07,
, 7.4267E-07,
, 7.2942E-07,
, 7.0183E-07,
, 6.8867E-07,
, 6.8717E-07,
, 6.9467E-07,
, 6.9525E-07,
, 8.4567E-07,
, 7.8650E-07,
, 7.2275E-07,
, 7.1850E-07,
, 6.9592E-07,
, 7.0550E-07,
, 7.4650E-07,
, 7.2958E-07,
, 7.2117E-07,
, 7.2667E-07,
, 7.1092E-07,
, 6.9992E-07,
, 6.9558E-07,
, 6.7208E-07,
, 6.5933E-07,
, 6.6342E-07,
, 6.7308E-07,
, 6.9467E-07,
, 7.1892E-07,
, 7.2250E-07,
, 7.1508E-07,
, 7.3317E-07,
, 7.3850E-07,
, 7.4783E-07,
, 7.5083E-07,
, 7.3650E-07,
, 7.1417E-07,
, 7.1775E-07,
, 7.1333E-07,
, 7.2533E-07,
, 7.2217E-07,
, 7.2250E-07,
, 7.2933E-07,
, 7.2383E-07,
, 7.0742E-07,
, 7.0933E-07,
, 7.0567E-07,
, 6.9642E-07,
, 7.0117E-07,
, 6.9700E-07,
, 7.0400E-07,
, 7.2992E-07,
, 7.3733E-07,
, 7.5425E-07,
, 7.4458E-07,
, 7.4692E-07,
, 7.3475E-07,
, 6.8792E-07,
, 6.8408E-07,
, 6.8692E-07,
, 6.7533E-07,
, 7.1383E-07,
, 6.9292E-07,
, 6.8183E-07,
, 6.7133E-07,
, 6.6617E-07,
, 6.5808E-07,
, 6.5767E-07,
, 6.6342E-07,
, 6.6442E-07,
, 6.7142E-07,
, 6.7608E-07,
, 6.7633E-07,
, 6.8642E-07,
, 6.9925E-07,
, 7.1583E-07,
, 7.2092E-07,
, 7.5025E-07,
, 7.4950E-07,
, 7.5417E-07,
, 7.4758E-07,
, 7.1708E-07,
, 7.0375E-07,
, 7.0792E-07,
, 7.2842E-07,
, 7.1992E-07,
, 6.7358E-07,
, 6.5750E-07,
, 6.5467E-07,
, 6.4650E-07,
, 6.6242E-07,
, 6.6033E-07,
, 6.8167E-07,
, 6.7617E-07,
, 6.6767E-07,
, 6.7950E-07,
, 7.0158E-07,
, 7.1417E-07,
, 7.0242E-07,
, 7.1108E-07,
, 7.1842E-07,
, 7.2817E-07,
, 7.2775E-07,
, 7.2150E-07,
, 6.8233E-07,
, 6.7408E-07,
, 6.7400E-07,
, 7.0100E-07,
, 6.8725E-07,
, 6.8683E-07,
, 6.9392E-07,
, 7.0317E-07,
, 7.0475E-07,
, 6.9633E-07,
, 6.9892E-07,
, 7.1042E-07,
, 7.0942E-07,
, 7.1942E-07,
, 7.2942E-07,
, 7.4408E-07,
, 7.4983E-07,
, 7.3775E-07,
, 7.3475E-07,
, 7.1750E-07,
, 6.9775E-07,
, 6.9983E-07,
, 7.0342E-07,
, 7.0883E-07,
, 7.3142E-07,
, 7.2900E-07,
, 7.1108E-07,
, 7.0033E-07,
, 7.1925E-07,
, 7.6775E-07,
, 7.3242E-07,
, 7.0117E-07,
, 6.8725E-07,
, 6.7367E-07,
, 6.7008E-07,
, 6.7200E-07,
, 6.8100E-07,
, 6.9375E-07,
, 7.0608E-07,
, 7.0850E-07,
, 7.0800E-07,
, 7.0958E-07,
, 7.0667E-07,
, 7.0042E-07,
, 7.0692E-07,
, 7.0342E-07,
, 7.1275E-07,
, 7.1283E-07,
, 6.9292E-07,
, 6.8775E-07,
, 6.8883E-07,
, 6.8750E-07,
, 7.0292E-07,
, 7.4300E-07,
, 7.4567E-07,
, 7.1067E-07,
, 7.0708E-07,
, 7.1983E-07,
, 7.3892E-07,
, 7.6933E-07,
, 7.7867E-07,
, 7.1908E-07,
, 6.6408E-07,
, 6.3867E-07,
, 6.3400E-07,
, 6.4533E-07,
, 6.5983E-07,
, 6.6183E-07,
, 6.6683E-07,
, 6.5975E-07,
, 6.5467E-07,
, 6.5200E-07,
, 6.6808E-07,
, 6.7375E-07,
, 6.7842E-07,
, 6.8525E-07,
, 7.1917E-07,
, 7.6475E-07,
, 7.8208E-07,
, 7.8217E-07,
, 7.5908E-07,
, 7.2617E-07,
, 7.2100E-07,
, 7.1375E-07,
, 7.0175E-07,
, 6.7383E-07,
, 7.2317E-07,
, 7.5850E-07,
, 7.7242E-07,
, 7.7383E-07,
, 7.6783E-07,
, 7.5975E-07,
, 7.4917E-07,
, 7.4483E-07,
, 7.5342E-07,
, 7.6267E-07,
, 7.7892E-07,
, 7.8000E-07,
, 7.8667E-07,
, 7.8708E-07,
, 7.7775E-07,
, 7.8183E-07,
, 7.7642E-07,
, 7.7708E-07,
, 7.9058E-07,
, 7.8725E-07,
, 7.8233E-07,
, 7.9517E-07,
, 7.5492E-07,
, 7.0583E-07,
, 6.9517E-07,
, 6.7217E-07,
, 6.6900E-07,
, 6.7100E-07,
, 5.8708E-07,
, 6.1167E-07,
, 6.5117E-07,
, 6.7650E-07,
, 6.5758E-07,
, 6.6033E-07,
, 6.7492E-07,
, 6.6992E-07,
, 6.5258E-07,
, 6.4433E-07,
, 6.4125E-07,
, 6.3850E-07,
, 6.3983E-07,
, 6.4600E-07,
, 6.4292E-07,
, 6.4842E-07,
, 6.4875E-07,
, 6.2217E-07,
, 5.8950E-07,
, 5.6325E-07,
, 5.6542E-07,
, 5.7017E-07,
, 5.7233E-07,
, 5.7500E-07,
, 5.7850E-07,
, 5.8383E-07,
, 5.8625E-07,
, 5.8417E-07,
, 5.8008E-07,
, 5.8242E-07,
, 5.8233E-07,
, 5.8258E-07,
, 5.8583E-07,
, 5.8708E-07,
, 5.9467E-07,
, 6.0117E-07,
, 6.0808E-07,
, 6.0508E-07,
, 5.9742E-07,
, 5.9225E-07,
, 5.9608E-07,
, 6.0092E-07,
, 6.0450E-07,
, 6.0733E-07,
, 6.0767E-07,
, 6.1308E-07,
, 6.1625E-07,
, 6.2017E-07,
, 6.2125E-07,
, 6.2275E-07,
, 6.2275E-07,
, 6.2658E-07,
, 6.3067E-07,
, 6.3283E-07,
, 6.3500E-07,
, 6.3517E-07,
, 6.3483E-07,
, 6.3183E-07,
, 6.2892E-07,
, 6.2825E-07,
, 6.2967E-07,
, 6.2825E-07,
, 6.2425E-07,
, 6.2008E-07,
, 6.2075E-07,
, 6.2358E-07,
, 6.2483E-07,
, 6.2692E-07,
, 6.2875E-07,
, 6.3442E-07,
, 6.4083E-07,
, 6.4750E-07,
, 6.4967E-07,
, 6.4792E-07,
, 6.4850E-07,
, 6.4908E-07,
, 6.4917E-07,
, 6.5158E-07,
, 6.5517E-07,
, 6.5817E-07,
, 6.6075E-07,
, 6.6008E-07,
, 6.5967E-07,
, 6.6358E-07,
, 6.6142E-07,
, 6.6067E-07,
, 6.6000E-07,
, 6.5717E-07,
, 6.5367E-07,
, 6.5417E-07,
, 6.5725E-07,
, 6.4992E-07,
, 6.4617E-07,
, 6.4483E-07,
, 6.4342E-07,
, 6.4558E-07,
, 6.4158E-07,
, 6.3967E-07,
, 6.3808E-07,
, 6.3875E-07,
, 6.3908E-07,
, 6.4050E-07,
, 6.4017E-07,
, 6.4050E-07,
, 6.3992E-07,
, 6.3958E-07,
, 6.4008E-07,
, 6.4067E-07,
, 6.4083E-07,
, 6.3742E-07,
, 6.3333E-07,
, 6.3358E-07,
, 6.3558E-07,
, 6.3433E-07,
, 6.3833E-07,
, 6.3283E-07,
, 6.2500E-07,
, 6.2333E-07,
, 6.2708E-07,
, 6.2900E-07,
, 6.3075E-07,
, 6.3425E-07,
, 6.3575E-07,
, 6.3083E-07,
, 6.2733E-07,
, 6.2550E-07,
, 6.2242E-07,
, 6.1942E-07,
, 6.2317E-07,
, 6.2592E-07,
, 6.2500E-07,
, 6.2167E-07,
, 6.2258E-07,
, 6.2358E-07,
, 6.2683E-07,
, 6.2942E-07,
, 6.3242E-07,
, 6.3550E-07,
, 6.3933E-07,
, 6.3967E-07,
, 6.3908E-07,
, 6.3975E-07,
, 6.3792E-07,
, 6.3908E-07,
, 6.4158E-07,
, 6.4233E-07,
, 6.3833E-07,
, 6.3783E-07,
, 6.3783E-07,
, 6.3658E-07,
, 6.3867E-07,
, 6.4075E-07,
, 6.4383E-07,
, 6.4342E-07,
, 6.4342E-07,
, 6.4833E-07,
, 6.5392E-07,
, 6.5942E-07,
, 6.6492E-07,
, 6.6375E-07,
, 6.6175E-07,
, 6.6425E-07,
, 6.6433E-07,
, 6.6575E-07,
, 6.6708E-07,
, 6.6692E-07,
, 6.6642E-07,
, 6.6250E-07,
, 6.6383E-07,
, 6.5617E-07,
, 6.4258E-07,
, 6.4625E-07,
, 6.6092E-07,
, 6.6825E-07,
, 6.7250E-07,
, 6.6408E-07,
, 6.6317E-07,
, 6.5742E-07,
, 6.6008E-07,
, 7.3092E-07,
, 8.2242E-07,
, 8.5617E-07,
, 8.6150E-07,
, 8.5400E-07,
, 8.5550E-07,
, 8.5792E-07,
, 8.4883E-07,
, 8.3858E-07,
, 8.3358E-07,
, 8.2933E-07,
, 8.4975E-07,
, 8.4775E-07,
, 8.4117E-07,
, 8.3008E-07,
, 8.3783E-07,
, 8.3858E-07,
, 8.2725E-07,
, 7.9300E-07,
, 7.7383E-07,
, 7.7167E-07,
, 7.6667E-07,
, 7.3692E-07,
, 5.5925E-07,
, 4.8658E-07,
, 4.7950E-07,
, 5.0208E-07,
, 5.8708E-07,
, 7.0192E-07,
, 7.5083E-07,
, 7.5133E-07,
, 6.8450E-07,
, 5.4342E-07,
, 5.1575E-07,
, 5.8892E-07,
, 6.9175E-07,
, 7.3408E-07,
, 7.3617E-07,
, 6.1992E-07,
, 5.5242E-07,
, 6.5483E-07,
, 7.0417E-07,
, 7.2017E-07,
, 7.2892E-07,
, 7.2883E-07,
, 7.2717E-07,
, 7.2400E-07,
, 7.5117E-07,
, 7.5567E-07,
, 7.2458E-07,
, 7.0392E-07,
, 7.0533E-07,
, 7.1892E-07,
, 7.2225E-07,
, 7.2200E-07,
, 7.1983E-07,
, 7.2833E-07,
, 7.5983E-07,
, 7.4492E-07,
, 7.5758E-07,
, 7.9708E-07,
, 7.7492E-07,
, 7.1642E-07,
, 6.9375E-07,
, 6.8208E-07,
, 6.7175E-07,
, 6.6967E-07,
, 6.7633E-07,
, 6.7442E-07,
, 5.7692E-07,
, 5.2483E-07,
, 5.1892E-07,
, 5.3433E-07,
, 5.5492E-07,
, 5.7217E-07,
, 5.8383E-07,
, 6.3392E-07,
, 7.2067E-07,
, 7.5692E-07,
, 7.8758E-07,
, 7.9858E-07,
, 7.9617E-07,
, 8.0400E-07,
, 7.8508E-07,
, 6.5983E-07,
, 5.3992E-07,
, 5.1108E-07,
, 5.1983E-07,
, 5.7825E-07,
, 6.8933E-07,
, 7.4917E-07,
, 7.7458E-07,
, 7.9367E-07,
, 8.0383E-07,
, 8.0517E-07,
, 7.6508E-07,
, 7.5275E-07,
, 7.6308E-07,
, 7.5767E-07,
, 7.6008E-07,
, 7.5183E-07,
, 7.2083E-07,
, 7.1158E-07,
, 7.2317E-07,
, 7.6325E-07,
, 7.7908E-07,
, 7.7217E-07,
, 7.7400E-07,
, 7.5800E-07,
, 7.5525E-07,
, 7.4450E-07,
, 7.2575E-07,
, 7.3558E-07,
, 7.6042E-07,
, 6.2117E-07,
, 5.1575E-07,
, 4.9492E-07,
, 4.9625E-07,
, 5.1583E-07,
, 5.4225E-07,
, 5.6883E-07,
, 5.8158E-07,
, 5.8958E-07,
, 6.0100E-07,
, 6.0742E-07,
, 6.0467E-07,
, 6.1333E-07,
, 7.2017E-07,
, 7.9400E-07,
, 8.1533E-07,
, 8.0933E-07,
, 7.8575E-07,
, 7.5017E-07,
, 5.9958E-07,
, 5.1808E-07,
, 5.8017E-07,
, 6.9650E-07,
, 7.5633E-07,
, 7.5625E-07,
, 7.5367E-07,
, 7.5875E-07,
, 7.7292E-07,
, 7.7433E-07,
, 7.6708E-07,
, 7.4617E-07,
, 7.6008E-07,
, 7.6258E-07,
, 7.6742E-07,
, 7.7817E-07,
, 7.7850E-07,
, 7.7975E-07,
, 7.6450E-07,
, 5.9442E-07,
, 4.8375E-07,
, 4.6875E-07,
, 4.9608E-07,
, 6.6225E-07,
, 7.5675E-07,
, 7.8992E-07,
, 8.0133E-07,
, 8.0217E-07,
, 8.0733E-07,
, 8.0533E-07,
, 8.0975E-07,
, 8.1283E-07,
, 7.7508E-07,
, 7.6225E-07,
, 7.6658E-07,
, 7.7383E-07,
, 7.8208E-07,
, 7.7817E-07,
, 7.8267E-07,
, 7.7417E-07,
, 7.7317E-07,
