time,current
-6,0
-5.8,1
-5.6,0
-5.4,0
-5.2,0
-5,0
-4.8,1
-4.6,1
-4.4,0
-4.2,1
-4,0
-3.8,0
-3.6,0
-3.4,0
-3.2,0
-3,1
-2.8,0
-2.6,1
-2.4,0
-2.2,0
-2,0
-1.8,1
-1.6,0
-1.4,0
-1.2,0
-1,0
-0.8,0
-0.6,1
-0.4,1
-0.2,0
0,0
0.2,1
0.4,2
0.6,2
0.8,3
1,2
1.2,4
1.4,6
1.6,5
1.8,7
2,8
2.2,10
2.4,13
2.6,12
2.8,16
3,11
3.2,14
3.4,18
3.6,11
3.8,16
4,14
4.2,14
4.4,15
4.6,17
4.8,17
5,16
5.2,16
5.4,24
5.6,22
5.8,15
6,22
6.2,24
6.4,28
6.6,24
6.8,29
7,27
7.2,27
7.4,23
7.6,26
7.8,21
8,30
8.2,22
8.4,32
8.6,30
8.8,29
9,27
9.2,32
9.4,30
9.6,29
9.8,28
10,31
10.2,33
10.4,35
10.6,35
10.8,32
11,36
11.2,34
11.4,34
11.6,41
11.8,42
12,40
12.2,38
12.4,40
12.6,42
12.8,44
13,41
13.2,40
13.4,40
13.6,40
13.8,41
14,38
14.2,42
14.4,48
14.6,50
14.8,49
15,47
15.2,52
15.4,51
15.6,52
15.8,46
16,54
16.2,49
16.4,48
16.6,56
16.8,50
17,53
17.2,47
17.4,51
17.6,50
17.8,52
18,55
18.2,55
18.4,49
18.6,55
18.8,62
19,55
19.2,59
19.4,63
19.6,59
19.8,58
20,60
20.2,65
20.4,61
20.6,64
20.8,57
21,64
21.2,63
21.4,62
21.6,65
21.8,62
22,67
22.2,63
22.4,67
22.6,60
22.8,65
23,66
23.2,68
23.4,63
23.6,69
23.8,65
24,70
24.2,63
24.4,64
24.6,74
24.8,67
25,70
25.2,72
25.4,69
25.6,72
25.8,73
26,66
26.2,72
26.4,67
26.6,70
26.8,72
27,70
27.2,76
27.4,72
27.6,71
27.8,77
28,69
28.2,72
28.4,74
28.6,71
28.8,78
29,73
29.2,79
29.4,79
29.6,79
29.8,79
30,77
30.2,75
30.4,77
30.6,78
30.8,76
31,78
31.2,75
31.4,81
31.6,75
31.8,86
32,76
32.2,80
32.4,79
32.6,84
32.8,87
33,90
33.2,80
33.4,87
33.6,87
33.8,86
34,84
34.2,88
34.4,88
34.6,83
34.8,91
35,86
35.2,88
35.4,90
35.6,85
35.8,85
36,87
36.2,88
36.4,85
36.6,88
36.8,95
37,88
37.2,89
37.4,88
37.6,87
37.8,89
38,93
38.2,93
38.4,87
38.6,95
38.8,90
39,89
39.2,93
39.4,92
39.6,99
39.8,96
40,100
40.2,99
40.4,99
40.6,92
40.8,97
41,96
41.2,99
41.4,99
41.6,98
41.8,96
42,95
42.2,95
42.4,100
42.6,104
42.8,102
43,98
43.2,94
43.4,100
43.6,104
43.8,100
44,105
44.2,102
44.4,99
44.6,102
44.8,99
45,105
45.2,100
45.4,100
45.6,102
45.8,102
46,99
46.2,104
46.4,104
46.6,110
46.8,110
47,110
47.2,106
47.4,104
47.6,113
47.8,109
48,107
48.2,110
48.4,110
48.6,109
48.8,113
49,112
49.2,113
49.4,110
49.6,112
49.8,116
50,115
50.2,113
50.4,116
50.6,108
50.8,117
51,118
51.2,112
51.4,114
51.6,113
51.8,120
52,116
52.2,111
52.4,113
52.6,122
52.8,117
53,120
53.2,117
53.4,118
53.6,119
53.8,114
54,121
54.2,116
54.4,124
54.6,117
54.8,119
55,125
55.2,119
55.4,120
55.6,122
55.8,119
56,124
56.2,124
56.4,125
56.6,125
56.8,119
57,130
57.2,128
57.4,130
57.6,125
57.8,124
58,130
58.2,121
58.4,125
58.6,128
58.8,124
59,127
59.2,130
59.4,132
59.6,134
59.8,131
60,129
60.2,129
60.4,132
60.6,130
60.8,133
61,132
61.2,128
61.4,130
61.6,135
61.8,136
62,135
62.2,133
62.4,133
62.6,135
62.8,131
63,132
63.2,132
63.4,134
63.6,132
63.8,134
64,133
64.2,139
64.4,140
64.6,132
64.8,132
65,138
65.2,134
65.4,136
65.6,140
65.8,132
66,140
66.2,137
66.4,138
66.6,134
66.8,144
67,143
67.2,145
67.4,137
67.6,142
67.8,144
68,139
68.2,144
68.4,144
68.6,141
68.8,139
69,144
69.2,147
69.4,147
69.6,139
69.8,146
70,147
70.2,148
70.4,147
70.6,148
70.8,151
71,150
71.2,141
71.4,143
71.6,149
71.8,143
72,148
72.2,151
72.4,146
72.6,150
72.8,146
73,147
73.2,147
73.4,147
73.6,148
73.8,150
74,153
74.2,147
74.4,154
74.6,150
74.8,152
75,155
75.2,154
75.4,148
75.6,148
75.8,153
76,148
76.2,149
76.4,154
76.6,152
76.8,156
77,157
77.2,156
77.4,150
77.6,160
77.8,152
78,157
78.2,160
78.4,158
78.6,155
78.8,154
79,156
79.2,159
79.4,161
79.6,160
79.8,159
80,154
80.2,163
80.4,158
80.6,154
80.8,158
81,157
81.2,158
81.4,156
81.6,159
81.8,161
82,158
82.2,159
82.4,165
82.6,167
82.8,158
83,162
83.2,165
83.4,165
83.6,161
83.8,162
84,165
84.2,167
84.4,158
84.6,161
84.8,160
85,170
85.2,169
85.4,161
85.6,162
85.8,164
86,160
86.2,165
86.4,164
86.6,170
86.8,167
87,167
87.2,168
87.4,161
87.6,168
87.8,163
88,172
88.2,166
88.4,171
88.6,166
88.8,170
89,171
89.2,172
89.4,174
89.6,173
89.8,171
90,171
90.2,165
90.4,167
90.6,165
90.8,176
91,176
91.2,174
91.4,176
91.6,169
91.8,173
92,171
92.2,169
92.4,168
92.6,174
92.8,170
93,168
93.2,177
93.4,171
93.6,174
93.8,173
94,175
94.2,179
94.4,176
94.6,176
94.8,177
95,176
95.2,176
95.4,172
95.6,178
95.8,179
96,178
96.2,174
96.4,172
96.6,172
96.8,180
97,178
97.2,177
97.4,174
97.6,180
97.8,174
98,173
98.2,176
98.4,178
98.6,178
98.8,173
99,180
99.2,176
99.4,175
99.6,179
99.8,181
100,178
100.2,182
100.4,182
100.6,179
100.8,184
101,180
101.2,177
101.4,173
101.6,183
101.8,179
102,184
102.2,182
102.4,182
102.6,182
102.8,183
103,181
103.2,180
103.4,177
103.6,180
103.8,185
104,177
104.2,185
104.4,179
104.6,184
104.8,179
105,182
105.2,184
105.4,184
105.6,181
105.8,183
106,182
106.2,181
106.4,183
106.6,184
106.8,178
107,183
107.2,188
107.4,190
107.6,181
107.8,179
108,182
108.2,179
108.4,186
108.6,188
108.8,186
109,186
109.2,190
109.4,183
109.6,190
109.8,183
110,182
110.2,188
110.4,183
110.6,182
110.8,187
111,187
111.2,185
111.4,187
111.6,184
111.8,185
112,189
112.2,187
112.4,188
112.6,191
112.8,187
113,186
113.2,182
113.4,186
113.6,186
113.8,191
114,190
114.2,189
114.4,186
114.6,192
114.8,189
115,187
115.2,187
115.4,185
115.6,194
115.8,189
116,186
116.2,187
116.4,194
116.6,186
116.8,188
117,188
117.2,193
117.4,193
117.6,192
117.8,191
118,194
118.2,192
118.4,192
118.6,186
118.8,188
119,187
119.2,193
119.4,190
119.6,192
119.8,192
120,195
120.2,193
120.4,188
120.6,189
120.8,188
121,191
121.2,192
121.4,196
121.6,188
121.8,191
122,198
122.2,195
122.4,197
122.6,193
122.8,199
123,195
123.2,195
123.4,194
123.6,196
123.8,193
124,189
124.2,193
124.4,199
124.6,193
124.8,194
125,189
125.2,192
125.4,194
125.6,199
125.8,195
126,200
126.2,197
126.4,199
126.6,198
126.8,199
127,196
127.2,194
127.4,193
127.6,199
127.8,195
128,201
128.2,200
128.4,200
128.6,198
128.8,198
129,197
129.2,202
129.4,195
129.6,202
129.8,194
130,201
130.2,199
130.4,203
130.6,202
130.8,203
131,204
131.2,195
131.4,196
131.6,201
131.8,203
132,202
132.2,196
132.4,197
132.6,205
132.8,202
133,197
133.2,203
133.4,198
133.6,197
133.8,206
134,199
134.2,200
134.4,202
134.6,201
134.8,206
135,203
135.2,203
135.4,202
135.6,202
135.8,201
136,205
136.2,201
136.4,198
136.6,206
136.8,198
137,201
137.2,202
137.4,203
137.6,202
137.8,202
138,202
138.2,201
138.4,198
138.6,199
138.8,203
139,201
139.2,205
139.4,202
139.6,209
139.8,202
140,206
140.2,200
140.4,199
140.6,203
140.8,208
141,205
141.2,201
141.4,201
141.6,202
141.8,206
142,200
142.2,202
142.4,210
142.6,203
142.8,203
143,203
143.2,206
143.4,204
143.6,202
143.8,208
144,204
144.2,203
144.4,207
144.6,205
144.8,208
145,202
145.2,203
145.4,203
145.6,203
145.8,203
146,208
146.2,206
146.4,204
146.6,205
146.8,207
147,210
147.2,210
147.4,211
147.6,206
147.8,210
148,212
148.2,205
148.4,214
148.6,211
148.8,212
149,206
149.2,214
149.4,212
149.6,216
149.8,215
150,211
150.2,206
150.4,212
150.6,207
150.8,206
151,213
151.2,208
151.4,212
151.6,214
151.8,208
152,210
152.2,209
152.4,216
152.6,214
152.8,211
153,208
153.2,212
153.4,215
153.6,207
153.8,210
154,213
154.2,214
154.4,210
154.6,208
154.8,207
155,211
155.2,216
155.4,214
155.6,212
155.8,211
156,213
156.2,210
156.4,214
156.6,213
156.8,213
157,213
157.2,214
157.4,217
157.6,212
157.8,209
158,213
158.2,212
158.4,217
158.6,217
158.8,213
159,218
159.2,215
159.4,218
159.6,215
159.8,214
160,219
160.2,214
160.4,212
160.6,219
160.8,218
161,218
161.2,213
161.4,218
161.6,215
161.8,220
162,214
162.2,213
162.4,215
162.6,213
162.8,219
163,219
163.2,216
163.4,220
163.6,221
163.8,218
164,217
164.2,219
164.4,214
164.6,221
164.8,212
165,218
165.2,213
165.4,217
165.6,219
165.8,219
166,214
166.2,223
166.4,214
166.6,217
166.8,219
167,217
167.2,215
167.4,219
167.6,220
167.8,218
168,214
168.2,215
168.4,216
168.6,215
168.8,216
169,219
169.2,222
169.4,217
169.6,222
169.8,218
170,217
170.2,215
170.4,223
170.6,218
170.8,219
171,222
171.2,220
171.4,217
171.6,221
171.8,219
172,223
172.2,224
172.4,222
172.6,220
172.8,225
173,226
173.2,222
173.4,223
173.6,218
173.8,221
174,226
174.2,222
174.4,227
174.6,220
174.8,221
175,217
175.2,221
175.4,228
175.6,223
175.8,222
176,221
176.2,223
176.4,228
176.6,226
176.8,229
177,223
177.2,227
177.4,221
177.6,229
177.8,222
178,227
178.2,229
178.4,225
178.6,224
178.8,230
179,230
179.2,229
179.4,229
179.6,225
179.8,225
180,231
180.2,225
180.4,229
180.6,227
180.8,225
181,225
181.2,231
181.4,228
181.6,228
181.8,232
182,224
182.2,225
182.4,229
182.6,228
182.8,227
183,224
183.2,228
183.4,229
183.6,226
183.8,224
184,225
184.2,226
184.4,231
184.6,230
184.8,231
185,230
185.2,232
185.4,228
185.6,229
185.8,232
186,232
186.2,234
186.4,231
186.6,233
186.8,235
187,229
187.2,234
187.4,232
187.6,236
187.8,231
188,230
188.2,235
188.4,236
188.6,235
188.8,233
189,235
189.2,231
189.4,231
189.6,233
189.8,239
190,230
190.2,233
190.4,234
190.6,232
190.8,236
191,239
191.2,237
191.4,240
191.6,230
191.8,236
192,239
192.2,230
192.4,240
192.6,232
192.8,240
193,241
193.2,233
193.4,241
193.6,232
193.8,237
194,235
194.2,235
194.4,238
194.6,235
194.8,238
195,238
195.2,238
195.4,242
195.6,238
195.8,244
196,239
196.2,235
196.4,241
196.6,238
196.8,242
197,240
197.2,233
197.4,243
197.6,244
197.8,235
198,238
198.2,238
198.4,242
198.6,240
198.8,242
199,243
199.2,244
199.4,236
199.6,237
199.8,238
200,238
200.2,242
200.4,245
200.6,239
200.8,241
201,236
201.2,243
201.4,243
201.6,238
201.8,244
202,241
202.2,244
202.4,240
202.6,241
202.8,238
203,239
203.2,238
203.4,246
203.6,246
203.8,241
204,246
204.2,239
204.4,248
204.6,240
204.8,247
205,239
205.2,243
205.4,245
205.6,246
205.8,240
206,242
206.2,242
206.4,243
206.6,243
206.8,239
207,242
207.2,242
207.4,244
207.6,246
207.8,244
208,246
208.2,245
208.4,247
208.6,247
208.8,243
209,241
209.2,246
209.4,243
209.6,248
209.8,240
210,239
210.2,240
210.4,243
210.6,241
210.8,248
211,246
211.2,245
211.4,245
211.6,244
211.8,248
212,248
212.2,245
212.4,239
212.6,240
212.8,242
213,246
213.2,247
213.4,248
213.6,242
213.8,246
214,243
214.2,245
214.4,243
214.6,245
214.8,242
215,250
215.2,243
215.4,244
215.6,245
215.8,247
216,242
216.2,242
216.4,244
216.6,240
216.8,243
217,243
217.2,249
217.4,247
217.6,242
217.8,242
218,241
218.2,244
218.4,242
218.6,247
218.8,250
219,241
219.2,241
219.4,242
219.6,248
219.8,251
220,247
220.2,241
220.4,245
220.6,241
220.8,250
221,244
221.2,249
221.4,248
221.6,248
221.8,247
222,244
222.2,251
222.4,243
222.6,249
222.8,249
223,241
223.2,243
223.4,244
223.6,244
223.8,252
224,249
224.2,245
224.4,250
224.6,248
224.8,247
225,251
225.2,251
225.4,247
225.6,245
225.8,245
226,250
226.2,248
226.4,252
226.6,241
226.8,253
227,246
227.2,252
227.4,252
227.6,253
227.8,243
228,249
228.2,249
228.4,241
228.6,243
228.8,247
229,250
229.2,244
229.4,242
229.6,252
229.8,251
230,241
230.2,249
230.4,248
230.6,253
230.8,245
231,248
231.2,252
231.4,249
231.6,245
231.8,248
232,245
232.2,248
232.4,250
232.6,247
232.8,250
233,252
233.2,247
233.4,246
233.6,248
233.8,248
234,246
234.2,248
234.4,249
234.6,251
234.8,253
235,250
235.2,245
235.4,250
235.6,248
235.8,251
236,246
236.2,254
236.4,251
236.6,248
236.8,247
237,254
237.2,254
237.4,243
237.6,248
237.8,251
238,250
238.2,254
238.4,250
238.6,249
238.8,251
239,251
239.2,253
239.4,247
239.6,254
239.8,250
240,255
240.2,246
240.4,247
240.6,247
240.8,254
241,254
241.2,253
241.4,250
241.6,251
241.8,253
242,252
242.2,255
242.4,248
242.6,248
242.8,248
243,254
243.2,254
243.4,247
243.6,247
243.8,250
244,246
244.2,247
244.4,255
244.6,252
244.8,248
245,254
245.2,252
245.4,254
245.6,249
245.8,257
246,248
246.2,251
246.4,253
246.6,252
246.8,253
247,247
247.2,249
247.4,247
247.6,252
247.8,253
248,257
248.2,253
248.4,253
248.6,252
248.8,253
249,253
249.2,248
249.4,257
249.6,253
249.8,256
250,248
250.2,255
250.4,254
250.6,247
250.8,255
251,249
251.2,249
251.4,249
251.6,250
251.8,255
252,251
252.2,251
252.4,252
252.6,256
252.8,249
253,257
253.2,254
253.4,248
253.6,258
253.8,250
254,249
254.2,248
254.4,249
254.6,256
254.8,249
255,251
255.2,256
255.4,249
255.6,256
255.8,252
256,258
256.2,257
256.4,254
256.6,249
256.8,253
257,255
257.2,255
257.4,259
257.6,259
257.8,253
258,254
258.2,252
258.4,251
258.6,256
258.8,249
259,256
259.2,254
259.4,258
259.6,258
259.8,258
260,251
260.2,253
260.4,253
260.6,250
260.8,256
261,259
261.2,253
261.4,252
261.6,256
261.8,253
262,257
262.2,257
262.4,255
262.6,255
262.8,259
263,252
263.2,253
263.4,251
263.6,260
263.8,254
264,260
264.2,258
264.4,254
264.6,257
264.8,252
265,258
265.2,253
265.4,260
265.6,259
265.8,259
266,261
266.2,259
266.4,262
266.6,256
266.8,256
267,253
267.2,260
267.4,259
267.6,260
267.8,255
268,261
268.2,255
268.4,252
268.6,262
268.8,261
269,253
269.2,258
269.4,254
269.6,262
269.8,264
270,258
270.2,259
270.4,262
270.6,260
270.8,257
271,255
271.2,263
271.4,262
271.6,257
271.8,264
272,258
272.2,260
272.4,260
272.6,254
272.8,259
273,261
273.2,261
273.4,261
273.6,258
273.8,265
274,257
274.2,266
274.4,259
274.6,265
274.8,261
275,265
275.2,264
275.4,260
275.6,265
275.8,258
276,264
276.2,263
276.4,260
276.6,258
276.8,265
277,268
277.2,259
277.4,258
277.6,264
277.8,263
278,259
278.2,266
278.4,265
278.6,262
278.8,268
279,265
279.2,262
279.4,264
279.6,262
279.8,259
280,265
280.2,267
280.4,265
280.6,268
280.8,265
281,260
281.2,262
281.4,266
281.6,266
281.8,261
282,262
282.2,268
282.4,264
282.6,263
282.8,268
283,267
283.2,267
283.4,268
283.6,268
283.8,260
284,268
284.2,265
284.4,260
284.6,264
284.8,264
285,261
285.2,263
285.4,261
285.6,263
285.8,269
286,266
286.2,262
286.4,263
286.6,266
286.8,271
287,264
287.2,270
287.4,270
287.6,266
287.8,267
288,264
288.2,262
288.4,266
288.6,264
288.8,271
289,270
289.2,272
289.4,267
289.6,268
289.8,267
290,270
290.2,263
290.4,264
290.6,271
290.8,268
291,269
291.2,269
291.4,262
291.6,269
291.8,265
292,265
292.2,268
292.4,267
292.6,264
292.8,271
293,271
293.2,267
293.4,267
293.6,271
293.8,263
294,265
294.2,265
294.4,269
294.6,271
294.8,266
295,262
295.2,271
295.4,267
295.6,267
295.8,271
296,265
296.2,266
296.4,267
296.6,271
296.8,274
297,273
297.2,271
297.4,274
297.6,270
297.8,273
298,267
298.2,271
298.4,265
298.6,268
298.8,272
299,269
299.2,271
299.4,268
299.6,273
299.8,265
300,266
300.2,266
300.4,267
300.6,266
300.8,267
301,269
301.2,274
301.4,270
301.6,275
301.8,274
302,276
302.2,272
302.4,272
302.6,271
302.8,272
303,273
303.2,265
303.4,269
303.6,271
303.8,267
304,274
304.2,275
304.4,268
304.6,269
304.8,278
305,274
305.2,270
305.4,275
305.6,270
305.8,272
306,268
306.2,272
306.4,270
306.6,277
306.8,265
307,277
307.2,269
307.4,274
307.6,270
307.8,274
308,274
308.2,271
308.4,277
308.6,275
308.8,274
309,280
309.2,270
309.4,277
309.6,276
309.8,268
310,273
310.2,271
310.4,274
310.6,273
310.8,275
311,272
311.2,269
311.4,278
311.6,278
311.8,275
312,275
312.2,272
312.4,273
312.6,271
312.8,280
313,270
313.2,278
313.4,270
313.6,277
313.8,277
314,272
314.2,279
314.4,279
314.6,276
314.8,272
315,278
315.2,280
315.4,276
315.6,271
315.8,278
316,272
316.2,276
316.4,273
316.6,279
316.8,273
317,273
317.2,272
317.4,277
317.6,278
317.8,273
318,277
318.2,276
318.4,279
318.6,278
318.8,282
319,280
319.2,272
319.4,279
319.6,276
319.8,276
320,275
320.2,275
320.4,279
320.6,277
320.8,279
321,279
321.2,276
321.4,277
321.6,274
321.8,279
322,278
322.2,274
322.4,277
322.6,274
322.8,272
323,281
323.2,278
323.4,275
323.6,280
323.8,278
324,276
324.2,279
324.4,281
324.6,282
324.8,279
325,279
325.2,280
325.4,279
325.6,280
325.8,274
326,273
326.2,272
326.4,282
326.6,279
326.8,282
327,281
327.2,277
327.4,277
327.6,277
327.8,280
328,282
328.2,284
328.4,279
328.6,281
328.8,281
329,276
329.2,275
329.4,284
329.6,277
329.8,277
330,281
330.2,276
330.4,279
330.6,280
330.8,283
331,283
331.2,279
331.4,276
331.6,282
331.8,280
332,275
332.2,280
332.4,280
332.6,276
332.8,277
333,281
333.2,283
333.4,284
333.6,277
333.8,275
334,283
334.2,283
334.4,278
334.6,281
334.8,279
335,285
335.2,284
335.4,282
335.6,278
335.8,277
336,284
336.2,282
336.4,286
336.6,277
336.8,277
337,279
337.2,282
337.4,278
337.6,280
337.8,276
338,282
338.2,280
338.4,280
338.6,281
338.8,283
339,285
339.2,280
339.4,287
339.6,278
339.8,279
340,280
340.2,285
340.4,284
340.6,285
340.8,283
341,280
341.2,280
341.4,281
341.6,282
341.8,285
342,277
342.2,281
342.4,282
342.6,279
342.8,283
343,282
343.2,281
343.4,277
343.6,286
343.8,283
344,279
344.2,278
344.4,283
344.6,287
344.8,284
345,290
345.2,278
345.4,283
345.6,283
345.8,279
346,286
346.2,285
346.4,280
346.6,287
346.8,284
347,287
347.2,282
347.4,279
347.6,284
347.8,282
348,281
348.2,280
348.4,285
348.6,281
348.8,286
349,283
349.2,282
349.4,280
349.6,280
349.8,284
350,282
350.2,288
350.4,287
350.6,283
350.8,285
351,281
351.2,281
351.4,289
351.6,278
351.8,286
352,283
352.2,287
352.4,289
352.6,279
352.8,283
353,286
353.2,283
353.4,285
353.6,290
353.8,283
354,288
354.2,284
354.4,285
354.6,283
354.8,290
355,287
355.2,282
355.4,289
355.6,288
355.8,283
356,288
356.2,287
356.4,290
356.6,281
356.8,290
357,288
357.2,287
357.4,288
357.6,291
357.8,281
358,286
358.2,289
358.4,284
358.6,284
358.8,282
359,290
359.2,286
359.4,288
359.6,285
359.8,287
360,284
360.2,285
360.4,281
360.6,290
360.8,283
361,289
361.2,286
361.4,285
361.6,286
361.8,284
362,282
362.2,285
362.4,292
362.6,289
362.8,286
363,287
363.2,285
363.4,287
363.6,285
363.8,288
364,284
364.2,285
364.4,284
364.6,287
364.8,289
365,284
365.2,283
365.4,289
365.6,292
365.8,286
366,291
366.2,287
366.4,291
366.6,289
366.8,290
367,287
367.2,285
367.4,293
367.6,292
367.8,288
368,287
368.2,290
368.4,294
368.6,285
368.8,286
369,285
369.2,291
369.4,290
369.6,292
369.8,289
370,285
370.2,284
370.4,293
370.6,291
370.8,285
371,290
371.2,286
371.4,286
371.6,288
371.8,284
372,293
372.2,287
372.4,294
372.6,289
372.8,291
373,289
373.2,286
373.4,288
373.6,284
373.8,282
374,285
374.2,291
374.4,285
374.6,285
374.8,294
375,291
375.2,294
375.4,292
375.6,288
375.8,289
376,292
376.2,289
376.4,291
376.6,290
376.8,290
377,292
377.2,294
377.4,293
377.6,295
377.8,286
378,287
378.2,288
378.4,293
378.6,292
378.8,290
379,289
379.2,287
379.4,286
379.6,284
379.8,288
380,294
380.2,293
380.4,291
380.6,287
380.8,292
381,286
381.2,284
381.4,289
381.6,288
381.8,287
382,291
382.2,295
382.4,288
382.6,286
382.8,293
383,293
383.2,294
383.4,294
383.6,289
383.8,287
384,291
384.2,294
384.4,291
384.6,289
384.8,288
385,295
385.2,286
385.4,292
385.6,294
385.8,296
386,292
386.2,295
386.4,292
386.6,287
386.8,290
387,290
387.2,288
387.4,296
387.6,289
387.8,291
388,287
388.2,290
388.4,289
388.6,287
388.8,295
389,289
389.2,294
389.4,287
389.6,296
389.8,292
390,291
390.2,287
390.4,294
390.6,292
390.8,293
391,290
391.2,297
391.4,289
391.6,292
391.8,290
392,287
392.2,291
392.4,291
392.6,296
392.8,290
393,297
393.2,296
393.4,290
393.6,289
393.8,292
394,293
394.2,291
394.4,287
394.6,295
394.8,297
395,292
395.2,295
395.4,287
395.6,287
395.8,296
396,292
396.2,295
396.4,295
396.6,289
396.8,296
397,291
397.2,291
397.4,297
397.6,290
397.8,296
398,297
398.2,292
398.4,294
398.6,296
398.8,292
399,293
399.2,295
399.4,295
399.6,290
399.8,291
400,292
400.2,291
400.4,295
400.6,292
400.8,295
401,289
401.2,289
401.4,292
401.6,297
401.8,292
402,297
402.2,289
402.4,292
402.6,297
402.8,292
403,298
403.2,296
403.4,292
403.6,291
403.8,292
404,293
404.2,295
404.4,293
404.6,298
404.8,291
405,294
405.2,297
405.4,292
405.6,297
405.8,294
406,295
406.2,294
406.4,289
406.6,290
406.8,289
407,298
407.2,293
407.4,294
407.6,298
407.8,297
408,298
408.2,297
408.4,297
408.6,289
408.8,297
409,295
409.2,290
409.4,290
409.6,290
409.8,293
410,298
410.2,293
410.4,297
410.6,292
410.8,294
411,296
411.2,291
411.4,291
411.6,295
411.8,299
412,291
412.2,291
412.4,299
412.6,291
412.8,291
413,299
413.2,292
413.4,294
413.6,291
413.8,295
414,299
414.2,297
414.4,297
414.6,290
414.8,298
415,301
415.2,292
415.4,300
415.6,293
415.8,295
416,297
416.2,297
416.4,299
416.6,291
416.8,297
417,298
417.2,300
417.4,299
417.6,293
417.8,289
418,298
418.2,292
418.4,295
418.6,293
418.8,295
419,291
419.2,295
419.4,291
419.6,300
419.8,302
420,292
420.2,293
420.4,291
420.6,293
420.8,298
421,293
421.2,300
421.4,298
421.6,292
421.8,291
422,298
422.2,292
422.4,295
422.6,291
422.8,297
423,299
423.2,301
423.4,294
423.6,297
423.8,292
424,293
424.2,300
424.4,294
424.6,291
424.8,293
425,293
425.2,290
425.4,299
425.6,298
425.8,293
426,294
426.2,292
426.4,295
426.6,300
426.8,303
427,296
427.2,295
427.4,297
427.6,298
427.8,298
428,298
428.2,293
428.4,294
428.6,292
428.8,296
429,294
429.2,293
429.4,299
429.6,294
429.8,295
430,298
430.2,299
430.4,300
430.6,293
430.8,300
431,300
431.2,297
431.4,298
431.6,299
431.8,297
432,291
432.2,297
432.4,295
432.6,293
432.8,299
433,303
433.2,301
433.4,297
433.6,297
433.8,297
434,297
434.2,295
434.4,295
434.6,298
434.8,300
435,297
435.2,303
435.4,294
435.6,296
435.8,301
436,300
436.2,294
436.4,295
436.6,299
436.8,301
437,302
437.2,299
437.4,297
437.6,299
437.8,300
438,295
438.2,301
438.4,298
438.6,296
438.8,295
439,300
439.2,292
439.4,296
439.6,295
439.8,297
440,294
440.2,299
440.4,293
440.6,303
440.8,303
441,296
441.2,300
441.4,302
441.6,293
441.8,302
442,301
442.2,296
442.4,297
442.6,304
442.8,298
443,299
443.2,295
443.4,298
443.6,301
443.8,302
444,299
444.2,296
444.4,303
444.6,298
444.8,299
445,299
445.2,298
445.4,302
445.6,301
445.8,298
446,295
446.2,302
446.4,294
446.6,303
446.8,304
447,297
447.2,302
447.4,296
447.6,300
447.8,304
448,298
448.2,297
448.4,304
448.6,303
448.8,298
449,296
449.2,298
449.4,296
449.6,302
449.8,299
450,300
450.2,301
450.4,302
450.6,303
450.8,298
451,301
451.2,295
451.4,301
451.6,296
451.8,300
452,297
452.2,305
452.4,296
452.6,299
452.8,299
453,298
453.2,295
453.4,302
453.6,299
453.8,304
454,296
454.2,303
454.4,299
454.6,301
454.8,300
455,301
455.2,305
455.4,298
455.6,296
455.8,296
456,298
456.2,301
456.4,300
456.6,296
456.8,302
457,304
457.2,295
457.4,295
457.6,299
457.8,295
458,297
458.2,298
458.4,302
458.6,299
458.8,303
459,304
459.2,302
459.4,301
459.6,304
459.8,295
460,305
460.2,303
460.4,304
460.6,301
460.8,299
461,300
461.2,303
461.4,296
461.6,297
461.8,295
462,298
462.2,304
462.4,302
462.6,302
462.8,296
463,303
463.2,306
463.4,301
463.6,298
463.8,300
464,305
464.2,300
464.4,304
464.6,302
464.8,302
465,298
465.2,297
465.4,300
465.6,300
465.8,297
466,302
466.2,300
466.4,297
466.6,301
466.8,300
467,302
467.2,298
467.4,305
467.6,297
467.8,306
468,305
468.2,299
468.4,302
468.6,305
468.8,296
469,298
469.2,299
469.4,301
469.6,305
469.8,304
470,301
470.2,298
470.4,303
470.6,306
470.8,299
471,300
471.2,304
471.4,297
471.6,302
471.8,302
472,298
472.2,301
472.4,301
472.6,296
472.8,301
473,302
473.2,296
473.4,303
473.6,303
473.8,301
474,299
474.2,304
474.4,303
474.6,303
474.8,297
475,297
475.2,296
475.4,304
475.6,304
475.8,304
476,299
476.2,298
476.4,304
476.6,303
476.8,301
477,302
477.2,302
477.4,297
477.6,298
477.8,300
478,300
478.2,301
478.4,302
478.6,301
478.8,299
479,298
479.2,302
479.4,298
479.6,298
479.8,299
480,301
480.2,307
480.4,304
480.6,299
480.8,304
481,304
481.2,302
481.4,305
481.6,300
481.8,303
482,297
482.2,301
482.4,302
482.6,305
482.8,299
483,305
483.2,306
483.4,302
483.6,297
483.8,300
484,298
484.2,306
484.4,303
484.6,306
484.8,305
485,299
485.2,298
485.4,301
485.6,299
485.8,304
486,298
486.2,299
486.4,302
486.6,306
486.8,300
487,303
487.2,306
487.4,302
487.6,305
487.8,300
488,297
488.2,301
488.4,305
488.6,303
488.8,306
489,305
489.2,305
489.4,298
489.6,300
489.8,303
490,306
490.2,303
490.4,301
490.6,305
490.8,303
491,304
491.2,305
491.4,307
491.6,303
491.8,303
492,299
492.2,300
492.4,306
492.6,304
492.8,302
493,304
493.2,299
493.4,304
493.6,300
493.8,302
494,302
494.2,308
494.4,298
494.6,305
494.8,307
495,299
495.2,298
495.4,306
495.6,306
495.8,299
496,299
496.2,308
496.4,303
496.6,303
496.8,297
497,301
497.2,300
497.4,300
497.6,301
497.8,300
498,306
498.2,300
498.4,303
498.6,300
498.8,300
499,302
499.2,304
499.4,301
499.6,305
499.8,300
500,304
500.2,305
500.4,301
500.6,304
500.8,300
501,298
501.2,306
501.4,307
501.6,306
501.8,304
502,302
502.2,307
502.4,303
502.6,306
502.8,304
503,307
503.2,300
503.4,302
503.6,301
503.8,303
504,300
504.2,300
504.4,297
504.6,307
504.8,306
505,299
505.2,305
505.4,298
505.6,304
505.8,303
506,308
506.2,302
506.4,306
506.6,302
506.8,300
507,301
507.2,300
507.4,301
507.6,308
507.8,303
508,305
508.2,308
508.4,304
508.6,298
508.8,308
509,307
509.2,303
509.4,300
509.6,300
509.8,309
510,302
510.2,302
510.4,306
510.6,302
510.8,301
511,298
511.2,299
511.4,302
511.6,299
511.8,304
512,303
512.2,305
512.4,298
512.6,307
512.8,308
513,305
513.2,307
513.4,307
513.6,302
513.8,309
514,303
514.2,299
514.4,298
514.6,308
514.8,299
515,307
515.2,305
515.4,305
515.6,298
515.8,308
516,303
516.2,308
516.4,305
516.6,297
516.8,306
517,310
517.2,304
517.4,304
517.6,308
517.8,305
518,305
518.2,302
518.4,302
518.6,299
518.8,306
519,308
519.2,303
519.4,307
519.6,303
519.8,304
520,300
520.2,306
520.4,307
520.6,302
520.8,304
521,299
521.2,301
521.4,302
521.6,304
521.8,305
522,305
522.2,308
522.4,306
522.6,302
522.8,309
523,303
523.2,310
523.4,307
523.6,301
523.8,300
524,305
524.2,305
524.4,302
524.6,309
524.8,308
525,304
525.2,303
525.4,300
525.6,303
525.8,300
526,301
526.2,303
526.4,306
526.6,301
526.8,307
527,303
527.2,300
527.4,310
527.6,307
527.8,303
528,305
528.2,301
528.4,301
528.6,311
528.8,298
529,307
529.2,303
529.4,303
529.6,300
529.8,307
530,304
530.2,307
530.4,305
530.6,301
530.8,301
531,300
531.2,308
531.4,304
531.6,307
531.8,304
532,302
532.2,306
532.4,309
532.6,307
532.8,302
533,310
533.2,303
533.4,307
533.6,301
533.8,301
534,301
534.2,305
534.4,304
534.6,310
534.8,306
535,310
535.2,310
535.4,306
535.6,302
535.8,308
536,308
536.2,307
536.4,301
536.6,307
536.8,305
537,306
537.2,306
537.4,308
537.6,302
537.8,308
538,307
538.2,304
538.4,305
538.6,302
538.8,306
539,307
539.2,307
539.4,302
539.6,301
539.8,307
540,304
540.2,309
540.4,309
540.6,305
540.8,306
541,301
541.2,310
541.4,303
541.6,302
541.8,309
542,307
542.2,308
542.4,304
542.6,304
542.8,305
543,305
543.2,303
543.4,309
543.6,308
543.8,309
544,301
544.2,303
544.4,304
544.6,303
544.8,305
545,310
545.2,305
545.4,302
545.6,303
545.8,301
546,306
546.2,307
546.4,302
546.6,310
546.8,309
547,307
547.2,301
547.4,301
547.6,300
547.8,309
548,301
548.2,301
548.4,300
548.6,308
548.8,307
549,312
549.2,303
549.4,309
549.6,308
549.8,307
550,302
550.2,304
550.4,307
550.6,307
550.8,310
551,308
551.2,306
551.4,303
551.6,310
551.8,303
552,306
552.2,310
552.4,304
552.6,301
552.8,308
553,307
553.2,305
553.4,306
553.6,309
553.8,305
554,308
554.2,302
554.4,305
554.6,310
554.8,307
555,301
555.2,308
555.4,311
555.6,306
555.8,303
556,306
556.2,307
556.4,306
556.6,305
556.8,306
557,312
557.2,301
557.4,302
557.6,308
557.8,309
558,309
558.2,309
558.4,308
558.6,302
558.8,309
559,304
559.2,301
559.4,306
559.6,306
559.8,302
560,306
560.2,305
560.4,303
560.6,300
560.8,308
561,310
561.2,310
561.4,305
561.6,301
561.8,304
562,303
562.2,306
562.4,309
562.6,305
562.8,306
563,303
563.2,302
563.4,308
563.6,306
563.8,307
564,306
564.2,303
564.4,301
564.6,302
564.8,307
565,305
565.2,311
565.4,304
565.6,309
565.8,302
566,306
566.2,308
566.4,302
566.6,307
566.8,307
567,309
567.2,306
567.4,307
567.6,303
567.8,301
568,302
568.2,307
568.4,305
568.6,304
568.8,303
569,312
569.2,304
569.4,307
569.6,308
569.8,308
570,308
570.2,307
570.4,312
570.6,307
570.8,309
571,312
571.2,305
571.4,307
571.6,301
571.8,310
572,304
572.2,306
572.4,301
572.6,311
572.8,305
573,303
573.2,305
573.4,304
573.6,302
573.8,302
574,303
574.2,308
574.4,308
574.6,310
574.8,308
575,307
575.2,304
575.4,307
575.6,304
575.8,304
576,302
576.2,301
576.4,302
576.6,308
576.8,309
577,309
577.2,307
577.4,304
577.6,308
577.8,303
578,309
578.2,306
578.4,313
578.6,301
578.8,307
579,310
579.2,309
579.4,306
579.6,305
579.8,309
580,311
580.2,307
580.4,312
580.6,307
580.8,306
581,308
581.2,308
581.4,305
581.6,303
581.8,311
582,310
582.2,307
582.4,309
582.6,306
582.8,307
583,311
583.2,302
583.4,307
583.6,302
583.8,309
584,302
584.2,305
584.4,311
584.6,306
584.8,311
585,308
585.2,309
585.4,303
585.6,304
585.8,305
586,303
586.2,310
586.4,310
586.6,306
586.8,305
587,307
587.2,305
587.4,310
587.6,307
587.8,309
588,311
588.2,307
588.4,307
588.6,311
588.8,303
589,307
589.2,311
589.4,302
589.6,311
589.8,312
590,309
590.2,306
590.4,308
590.6,313
590.8,312
591,303
591.2,310
591.4,308
591.6,306
591.8,303
592,308
592.2,305
592.4,307
592.6,306
592.8,314
593,304
593.2,305
593.4,309
593.6,306
593.8,308
594,304
594.2,310
594.4,307
594.6,311
594.8,305
595,305
595.2,308
595.4,308
595.6,303
595.8,305
596,310
596.2,304
596.4,312
596.6,307
596.8,308
597,305
597.2,306
597.4,307
597.6,303
597.8,305
598,308
598.2,306
598.4,302
598.6,309
598.8,311
599,306
599.2,310
599.4,303
599.6,311
599.8,303
600,312
600.2,306
600.4,309
600.6,303
600.8,307
601,308
601.2,301
601.4,309
601.6,303
601.8,310
602,302
602.2,303
602.4,305
602.6,309
602.8,306
603,304
603.2,307
603.4,308
603.6,303
603.8,302
604,302
604.2,298
604.4,306
604.6,296
604.8,297
605,298
605.2,300
605.4,295
605.6,292
605.8,293
606,298
606.2,288
606.4,291
606.6,284
606.8,291
607,279
607.2,277
607.4,284
607.6,282
607.8,274
608,275
608.2,272
608.4,269
608.6,264
608.8,266
609,260
609.2,257
609.4,259
609.6,256
609.8,249
610,245
610.2,244
610.4,241
610.6,237
610.8,230
611,233
611.2,224
611.4,220
611.6,221
611.8,216
612,214
612.2,209
612.4,206
612.6,195
612.8,199
613,197
613.2,186
613.4,190
613.6,184
613.8,180
614,170
614.2,164
614.4,168
614.6,159
614.8,152
615,150
615.2,151
615.4,150
615.6,144
615.8,137
616,131
616.2,127
616.4,120
616.6,122
616.8,118
617,114
617.2,101
617.4,99
617.6,96
617.8,92
618,92
618.2,86
618.4,80
618.6,75
618.8,76
619,68
619.2,72
619.4,68
619.6,58
619.8,59
620,47
620.2,51
620.4,49
620.6,36
620.8,18
621,22
621.2,25
621.4,22
621.6,21
621.8,25
622,14
622.2,16
622.4,9
622.6,7
622.8,10
623,7
623.2,13
623.4,11
623.6,3
623.8,3
624,5
624.2,1
624.4,2
624.6,0
624.8,1
625,3
625.2,2
625.4,5
625.6,7
625.8,-2
626,6
626.2,-2
626.4,-4
626.6,-3
626.8,7
627,1
627.2,3
627.4,2
627.6,3
627.8,-1
628,3
628.2,-1
628.4,1
628.6,0
628.8,3
629,2
629.2,7
629.4,3
629.6,2
629.8,2
630,0
630.2,-4
630.4,2
630.6,2
630.8,-2
631,-2
631.2,1
631.4,4
631.6,4
631.8,0
632,3
632.2,6
632.4,-1
632.6,6
632.8,-3
633,1
